"pcn_code","pcn_name","postcode","subicb_code","imd_score","imd_decile"
"U",NA,"Unknown","UNK",19.7070760949733,6
"U00070","WEST MERTON PCN","SW17 0RT","36L",8.33112273361227,10
"U00147","AEGIS HEALTHCARE PCN","LE5 4LJ","04C",24.7208572092261,4
"U00203","ECCLES & IRLAM PCN","M30 0TU","01G",35.4850597422882,2
"U00254","BLACKHEATH AND CHARLTON PCN","SE10 9GB","72Q",23.7500229785835,4
"U00351","SOLIHULL SOUTH CENTRAL PCN","B92 7SA","15E",18.5365357323872,6
"U00367","HAVERING SOUTH PCN","RM7 0JU","A3A8R",12.8937317792069,8
"U00402","CONNEXUS PCN","BS14 8PT","15C",22.9954547522428,4
"U00639","CARLISLE RURAL PCN","CA8 1NL","01H",16.9764318621854,7
"U00760","NORTH SEDGEMOOR PCN","BS26 2BJ","11X",18.3480505444533,6
"U01092","CISSBURY INTEGRATED CARE PCN","BN18 9JS","70F",19.8816626721113,6
"U01096","LOUGHTON BUCKHURST HILL & CHIGWELL PCN","IG9 5LP","07H",13.7414575825764,8
"U01198","SOUTH (IW) PCN","PO36 9GA","D9Y0V",25.3858529795666,4
"U01367","WALLINGFORD & SURROUNDS PCN","RG8 0QL","10Q",6.71740892559027,10
"U01577","WALSALL WEST 2 PCN","WV13 2DR","D2P2L",34.9676114198657,2
"U01630","STALYBRIDGE PCN","SK15 2AU","01Y",29.6474467524939,3
"U01680","MALTBY WICKERSLEY PCN","S66 8JD","03L",24.8756143446824,4
"U01901","CHORLEY CENTRAL PCN","PR7 2EJ","00X",18.9575147360584,6
"U01916","CYGNET PCN","HP12 3AF","14Y",13.6348542742769,8
"U01989","DURHAM WEST PCN","DH7 8NH","84H",20.9024771465599,5
"U02049","SOUTH TANDRIDGE PCN","RH3 7NJ","92A",13.0699789046771,8
"U02275","HYDE PCN","SK16 4DB","01Y",33.0675823583391,2
"U02453","SOUTHEND WEST CENTRAL PCN","SS0 8BU","99G",25.5814825588341,4
"U02454","NIGHTINGALE PCN","SW17 7AW","36L",11.8755442948054,9
"U02610","EAST CORNWALL PCN","PL11 2TB","11N",22.0765365499525,5
"U02669","BERKELEY VALE PCN","GL12 7BD","11M",10.1400267803386,10
"U02671","GREATER MIDDLESBROUGH PCN","TS8 0TL","16C",39.6466905768314,1
"U02678","WINSFORD PCN","SK9 1HY","27D",27.9484527302694,3
"U02731","IGPC PCN","L12 8TQ","99A",37.2659204221384,1
"U02739","WHITLEY BAY PCN","NE26 1NA","99C",12.4625524342409,9
"U02749","CENTRAL BOURNEMOUTH PCN","BH9 3LQ","11J",17.746152482488,6
"U02795","NORTH 2 ISLINGTON PCN","N4 3PZ","93C",28.2260429944962,3
"U02961","SOUTH WESTMINSTER PCN","SW1V 3EB","W2U3Z",20.2800740211622,5
"U03055","ALDERSHOT PCN","GU11 1AY","D4U1Y",18.3081642607733,6
"U03153","BROUGHTON HEALTH ALLIANCE PCN","M28 0AY","01G",37.9849461993504,1
"U03186","THE LEICESTER FOXES PCN","LE2 1DJ","04C",26.8524979130725,3
"U03298","RICHMONDSHIRE PCN","DL9 3JD","42D",12.2474039779568,9
"U03364","HAYWARDS HEATH VILLAGES PCN","RH1 1EB","70F",8.54479405097033,10
"U03379","RANWORTH PCN","CO15 1NJ","06T",37.0210213746597,1
"U03551","MOTTINGHAM, DOWNHAM & CHISLEHURST PCN","BR3 3QL","72Q",18.0626011126486,6
"U03653","FAIRLOP PCN","IG4 5EY","A3A8R",18.359166902343,6
"U03810","ISLAND CITY PCN","PO1 4JT","10R",31.0013065874772,2
"U03824","VENN PCN","HU7 4PT","03F",44.3995708909156,1
"U03826","YORK EAST PCN","YO32 5UA","03Q",7.90966267630941,10
"U03864","NORTH CORNWALL COAST PCN","PL27 7BS","11N",20.0152514357753,6
"U03989","WHITLEY PCN","RG2 0AR","15A",23.2799738334967,4
"U04079","WEST READING VILLAGES PCN","RG7 3SQ","15A",9.51549331790707,10
"U04154","NORTH NORFOLK 4 PCN","NR6 6BF","26A",16.4504582334958,7
"U04443","SS9 PCN","SS9 3NG","99G",12.4046889726508,9
"U04545","SOUTHEND EAST PCN","SS2 4UB","99G",23.3135222623021,4
"U04725","HAYWARDS HEATH CENTRAL PCN","RH16 3BB","70F",7.03502705877587,10
"U04748","ANGMERING COPPICE FITZALAN (ACF) PCN","BN17 5JR","70F",21.895321781663,5
"U04784","WARWICKSHIRE EAST PCN","CV32 5QB","B2M3M",11.1300803380148,9
"U04862","WHITE HORSE BOTLEY PCN","SN7 7YU","10Q",8.10668200025843,10
"U04901","STONE & ECCLESHALL PCN","ST16 3EB","05V",12.5570793779703,9
"U04973","GARDEN CITY PCN","DA10 0BF","91Q",18.6578726462951,6
"U05001","LARWOOD & BAWTRY PCN","S81 0HH","02Q",23.3933036391994,4
"U05048","NORTH HARDWICK AND BOLSOVER PCN","S21 3TY","15M",28.6373627085534,3
"U05340","THREE VALLEYS HEALTH PCN","BA3 2UH","92G",11.6357430368374,9
"U05433","SOUTH NORFOLK HIP PCN","NR14 7JT","26A",14.0042659663028,8
"U05451","HACKNEY MARSHES PCN","N1 5HZ","A3A8R",35.8657391008494,1
"U05458","SUNDERLAND WEST 2 PCN","SR3 4HG","00P",30.2914752946748,2
"U05510","MALLING PCN","ME20 6QJ","91Q",14.2284462060236,8
"U05512","WEST NORTHUMBERLAND PCN","NE46 1QJ","00L",13.095437453738,8
"U05517","HWL NETWORK PCN","BL1 1LS","00T",41.9082221798199,1
"U05632","SEAFORD PCN","BN25 1DH","97R",13.755661827744,8
"U05642","MILLENNIUM PCN","LE4 0QR","04C",31.6942538899226,2
"U05679","SPARCELLS PCN","SN5 5AN","92G",20.4659405757151,5
"U05734","HANLEY, BUCKNALL & BENTILEE PCN","ST1 3NJ","05W",43.5257932712653,1
"U05784","BROMPTON HEALTH PCN","SW10 9DT","W2U3Z",16.0160867948438,7
"U05885","SOUTH CAMDEN PCN","WC1N 3NA","93C",21.8586998144479,5
"U05906","LEYLAND PCN","PR25 1HR","00X",18.3288411463399,6
"U06000","KNUTSFORD PCN","WA16 8HR","27D",11.5605211120765,9
"U06079","ABBEY HEALTH PCN","AL1 3JB","06N",10.6234758519064,9
"U06092","GREENWOOD PCN","HD1 6DZ","X2C4Y",28.1771536457011,3
"U06180","NORTH SOUTHWARK PCN","SE16 4BL","72Q",28.0857843545748,3
"U06243","TILBURY AND CHADWELL PCN","RM18 8EB","07G",28.0488764370105,3
"U06256","HIPC (HOLISTIC PATIENT CENTRED CARE) PCN","ST6 2JN","05W",39.5828724136283,1
"U06387","NEXUS (DEVON) PCN","EX4 7BW","15N",15.3420148928186,7
"U06437","BYRON PCN","NG8 6PY","52R",24.1799884331724,4
"U06438","PCCO PCN","DE23 8RJ","15M",31.6021041652678,2
"U06486","STOKES PCN","BS32 9DS","15C",9.31186482896048,10
"U06610","DUDLEY AND NETHERTON PCN","DY2 9PU","D2P2L",37.9636930800543,1
"U06816","EXETER CITY PCN","EX1 1SB","15N",20.201787442843,5
"U06871","BURGESS HILL & VILLAGES PCN","BN6 9UQ","70F",8.34492812531178,10
"U06978","NEWHAM NORTH EAST 2 PCN","E12 6SU","A3A8R",27.1648276332823,3
"U07003","RUMWORTH PCN","BL1 1LS","00T",37.113645125442,1
"U07032","NORTH STOCKTON PCN","TS18 2AT","16C",35.5210087970676,2
"U07140","APL BEXLEY PCN","DA7 6HZ","72Q",12.6761867108586,8
"U07169","SHOREDITCH PARK PCN","N1 5HZ","A3A8R",29.0800104563793,3
"U07392","NORTH CONNECT PCN","UB8 1HE","W2U3Z",12.0420747190271,9
"U07449","PORTSDOWN PCN","PO2 8AL","10R",30.8706091621253,2
"U07506","ARDWICK AND LONGSIGHT PCN","M13 9UJ","14L",40.1043025873718,1
"U07605","BARNET 1W PCN","NW9 5XT","93C",23.5178359144543,4
"U07607","CENTRAL SUTTON PCN","SM1 4AF","36L",12.9987345740532,8
"U07648","ASHFORD RURAL PCN","TN26 2NJ","91Q",18.3066749522496,6
"U07776","CHESTER EAST PCN","CH2 3RD","27D",13.0910061528753,8
"U07789","COVENTRY NORTH PCN","CV6 2FL","B2M3M",21.3504585641895,5
"U07842","EAST CLEVELAND PCN","TS12 2TG","16C",24.6840216553583,4
"U07902","BRACKLEY & TOWCESTER PCN","NN13 6EQ","78H",7.47840805796229,10
"U08085","EDEN (CUMBRIA) PCN","CA11 8HW","01H",15.9670164231217,7
"U08086","PENDLE WEST PCN","BB9 7SR","01A",38.5251513724249,1
"U08229","SOLAS PCN","PE22 8AA","71E",27.9158998814626,3
"U08235","REGIS HEALTHCARE PCN","BN18 9JS","70F",18.6084106024478,6
"U08248","BRIGANTES PCN","WF1 2PE","03R",22.0482216396962,5
"U08561","SOUTHAMPTON LIVING WELL PARTNERSHIP PCN","SO19 9GH","D9Y0V",21.8368921693122,5
"U08578","NEW CROSS ALLIANCE PCN","IG6 2HG","A3A8R",16.6658142193641,7
"U08579","HARPENDEN HEALTH PCN","AL5 4HX","06N",5.54922169864243,10
"U08711","GRAVESEND ALLIANCE PCN","DA11 8BZ","91Q",23.3967499740378,4
"U08803","TOWER HAMLETS NETWORK 6 PCN","E14 7LJ","A3A8R",31.3325642277022,2
"U08925","STAFFORD CENTRAL PCN","ST17 0EG","05V",11.9315637030479,9
"U09057","HYNDBURN RURAL PCN","BB12 6HA","01A",31.8209811830324,2
"U09071","GPNET5 PCN","CR0 6AH","36L",22.8611895546058,5
"U09072","PRESTON PARK COMMUNITY PCN","BN1 6AG","09D",14.4952231573256,8
"U09081","FALMOUTH AND PENRYN PCN","TR10 8HX","11N",17.9906125594632,6
"U09100","GREATER PRESTON PCN","PR2 1JR","01E",28.7872300832558,3
"U09187","GRAND UNION PCN","NN1 5LT","78H",23.6279413854882,4
"U09193","TOWER HAMLETS NETWORK 8 PCN","E14 9WU","A3A8R",17.9110474758043,6
"U09275","TAUNTON DEANE WEST PCN","TA21 8AG","11X",17.8585761683539,6
"U09521","OADBY & WIGSTON PCN","LE2 5PP","03W",14.8265882782101,8
"U09529","ROTHERHAM CENTRAL NORTH PCN","S61 4PT","03L",36.2709696378351,1
"U09531","CHILTERN HILLS PCN","LU1 4EE","M1J4Y",17.656447351902,6
"U09643","RUNCORN PCN","WA7 6ES","01F",36.356015164845,1
"U09727","DENGIE & SOUTH WOODHAM FERRERS PCN","CM0 7AY","06Q",12.2473166389795,9
"U09738","CAMBRIDGE NORTH VILLAGES PCN","CB24 9NP","06H",7.87827684625066,10
"U09772","RED KITE HEALTHCARE PCN","NN15 7NX","78H",23.529959485709,4
"U09847","NORTH COTSWOLDS PCN","GL56 0DS","11M",11.5467424530617,9
"U09883","FARNWORTH & KEARSLEY PCN","BL1 1LS","00T",37.8841100122576,1
"U09980","NORTHUMBRIA PCN","NE27 0QJ","00L",15.8908452612472,7
"U10033","NORTH EAST COASTAL PCN","IP16 4ES","06L",16.3177344232388,7
"U10128","SHEPPEY PCN","ME12 1UP","91Q",40.9539287003035,1
"U10200","DARTFORD CENTRAL PCN","DA1 2JP","91Q",21.7012385433934,5
"U10335","BRUNEL PCN","PO1 2BH","10R",28.369958573438,3
"U10339","HARROW COLLABORATIVE PCN","HA1 1RQ","W2U3Z",15.4441627575751,7
"U10386","WALLSEND PCN","NE28 0AD","99C",29.7666859635985,3
"U10430","SUDBURY PCN","CO10 2AY","07K",17.9329087391441,6
"U10439","PONTEFRACT AND KNOTTINGLEY PCN","WF10 2QP","03R",28.5258761310055,3
"U10555","SWAFFHAM & DOWNHAM MARKET PCN","PE32 2NW","26A",22.1472031958966,5
"U10602","WEST NORFOLK COASTAL PCN","PE32 2JQ","26A",22.0036844135475,5
"U10684","CHARD, ILMINSTER & LANGPORT (CLICK) PCN","TA10 9RH","11X",18.3700713626885,6
"U10730","KIRKBY PCN","L32 9PF","01J",51.3473980112873,1
"U10743","KENILWORTH AND WARWICK PCN","CV32 5QB","B2M3M",10.1338105224371,10
"U10748","NEWGATE MEDICAL GROUP PCN","S80 1HP","02Q",26.2592771606163,3
"U10791","CHORLEY AND SOUTH RIBBLE NETWORK PCN","PR6 9NW","00X",14.8587107540742,8
"U10827","TRINITY HEALTH GROUP PCN","WF1 5PN","03R",29.054499362348,3
"U10834","REDDITCH & BROMSGROVE NIGHTINGALES PCN","B98 0NR","18C",17.953456639755,6
"U10847","EYNSHAM & WITNEY PCN","OX28 6JQ","10Q",8.89015070056892,10
"U10870","WALTON PRACTICES CONFEDERATION PCN","GU22 7RR","92A",11.073630159006,9
"U10995","RURAL WEST PCN","RG20 5QX","D9Y0V",8.98278305181941,10
"U10998","BACHS PCN","NG1 6LD","52R",41.2490064216558,1
"U11059","LEWISHAM CARE PARTNERSHIP PCN","SE13 7SX","72Q",23.2374813059225,4
"U11103","YEOVIL PCN","BA21 5RL","11X",20.2442136237171,5
"U11112","WANSBECK PCN","NE63 0NG","00L",28.9287925052966,3
"U11176","DENE AND STOUR VALLEYS PCN","CV32 5QB","B2M3M",10.7582967660114,9
"U11181","WINCHESTER RURAL SOUTH PCN","SO32 1GR","D9Y0V",8.48289061657379,10
"U11211","BARKING & DAGENHAM WEST PCN","IG11 7UN","A3A8R",29.5160078696925,3
"U11269","RIBBLESDALE PCN","BB7 2JG","01A",11.6239484493884,9
"U11373","NEWHAM CENTRAL PCN","E15 4ES","A3A8R",29.793981476655,3
"U11393","WETHERBY PCN","LS22 6RT","15F",9.30306233062331,10
"U11559","HARNESS SOUTH PCN","NW10 8TF","W2U3Z",33.8175846278975,2
"U11602","HORWICH NETWORK PCN","BL1 8TT","00T",23.4874251629206,4
"U11614","WARWICKSHIRE RURAL PCN","B46 3LD","B2M3M",16.2119327050039,7
"U11625","LAUNCESTON AND TAMAR VALLEY PCN","PL17 7AW","11N",22.4097120209886,5
"U11684","RAMSGATE PCN","CT11 8AD","91Q",33.4745576551428,2
"U11690","RIVERVIEW HEALTH PCN","SE18 6PZ","72Q",25.4162332357538,4
"U11694","BMC PASTON PCN","PE1 2EJ","06H",30.0119212012381,3
"U11746","SWB NEWCOMEN PCN","DY4 0SN","D2P2L",32.9267162952004,2
"U11781","WEST BERKSHIRE RURAL PCN","RG17 0HY","15A",11.337755916775,9
"U11864","WOODSLEY PCN","LS6 2RX","15F",24.093051716725,4
"U12169","NORTH BLABY PCN","LE19 4LY","03W",10.6522556158345,9
"U12199","EAST HEREFORDSHIRE PCN","HR1 2HE","18C",16.9927116188819,7
"U12200","CANNOCK NORTH PCN","WS11 5JT","04Y",21.7761470400265,5
"U12365","SEDGEFIELD NORTH PCN","DH6 3NP","84H",27.3516225308588,3
"U12376","HEELEY PLUS PCN","S8 0YH","03N",31.1488094280713,2
"U12413","EAST LINDSEY PCN","DN36 5RT","71E",18.3557587019346,6
"U12548","REGENT HEALTH PCN","NW8 8EG","W2U3Z",23.6758699345965,4
"U12550","MPA PCN","ME7 1LX","91Q",29.0672747509579,3
"U12553","AEGROS HEALTH PCN","CM3 3LL","06Q",11.224479497323,9
"U12563","RUSHCLIFFE PCN","NG11 6LQ","52R",7.63796661994108,10
"U12754","SOUTH EAST OXFORD HEALTH ALLIANCE (SEOXHA) PCN","OX4 7EX","10Q",23.3544347268592,4
"U12833","HEALTHIER SOUTH WIRRAL PCN","CH62 7EU","12F",22.6180495447679,5
"U12920","HARINGEY - NORTH WEST PCN","N6 4QA","93C",14.8912628383459,7
"U12949","SYNERGY HEALTH PCN","NG14 7BG","52R",17.7387994818481,6
"U12951","LEEK & BIDDULPH PCN","ST8 6AG","05G",17.1107290186058,7
"U13032","FENS & BRECKS PCN","PE34 4LZ","26A",24.6083229496476,4
"U13098","MILES PLATTING NEWTON HEATH & MOSTON PCN","M40 7LH","14L",50.1311058105672,1
"U13205","WREKIN PCN","TF3 2EW","M2L0M",27.7825018333705,3
"U13245","PORTER VALLEY PCN","S11 7AB","03N",8.18714146427938,10
"U13456","YATE & FRAMPTON PCN","BS37 4AX","15C",10.9140829675154,9
"U13557","NORWICH PCN","NR1 1RB","26A",21.8503567446215,5
"U13621","SOUTH DALES PCN","DE6 1DR","15M",12.845611532248,8
"U13655","SOUTH BIRMINGHAM ALLIANCE PCN","B30 3AS","15E",32.4156069685277,2
"U13720","GATESHEAD EAST PCN","NE10 8PH","13T",34.3439836719516,2
"U13761","THE RIDGE PCN","ME14 4DS","91Q",13.1726362034733,8
"U13771","PETERBOROUGH PARTNERSHIPS PCN","PE3 6AP","06H",29.3379173806415,3
"U13952","CENTRAL WORTHING PRACTICES PCN","BN14 8JE","70F",16.6053598805855,7
"U13956","CHELTENHAM PERIPHERAL PCN","GL52 8RP","11M",8.0313068964261,10
"U13990","RIPON & MASHAM PCN","HG2 8AY","42D",12.1286999865193,9
"U14006","VICTORIA PCN","SK7 5BW","01W",26.2202698442706,3
"U14045","EAST WARRINGTON PCN","WA2 0RX","02E",25.1528507107501,4
"U14062","WEST HOVE PCN","BN41 1LX","09D",20.8067120611484,5
"U14074","ASCOT PCN","RG12 8FB","D4U1Y",4.9882465561304,10
"U14261","POOLE BAY & BOURNEMOUTH PCN","BH4 9HJ","11J",16.738790704043,7
"U14327","OLDHAM CENTRAL PCN","OL1 1NL","00Y",46.5322944361383,1
"U14482","WEST-HILL HEALTH PCN","W2 5EH","W2U3Z",22.916333917188,5
"U14615","EASINGTON CENTRAL PCN","DH6 3NP","84H",39.9564366532678,1
"U14646","SUNDERLAND WEST 1 PCN","SR4 7AF","00P",32.8428399115242,2
"U14694","CENTRAL SLOUGH NETWORK PCN","SL1 3DQ","D4U1Y",24.0338196505551,4
"U14816","HEALTHY CRAWLEY PCN","RH10 7DX","70F",15.1561220823683,7
"U14878","NESTON & WILLASTON PCN","CH64 4BN","27D",12.7790644197952,8
"U14922","CW UNITY PCN","CV1 4JU","B2M3M",19.9982396894344,6
"U15138","HERTFORD AND RURALS PCN","SG13 7EE","06K",8.93061588672813,10
"U15164","ANDOVER PCN","SP10 3JY","D9Y0V",14.9781846016367,7
"U15166","PHOENIX (MID ESSEX) PCN","CM9 5DF","06Q",14.532342497647,8
"U15230","ABINGDON CENTRAL PCN","OX14 3LB","10Q",9.67395215826319,10
"U15334","HARINGEY - EAST CENTRAL PCN","N15 3PB","93C",29.0567484030615,3
"U15435","HEATONS GROUP NETWORK PCN","SK4 4NX","01W",22.3055034986069,5
"U15488","EAST BASILDON PCN","SS13 1PN","99E",34.6321545182972,2
"U15552","SMALL HEATH PCN","B31 3HB","15E",49.0728093767264,1
"U15644","LEIGHTON LINSLADE HEALTH CONNECTIONS PCN","LU7 1RS","M1J4Y",12.2244923399707,9
"U15814","SHAKESPEARE ROAD MEDICAL PRACTICE PCN","RG24 9DT","D9Y0V",20.046974628759,6
"U16004","ELY SOUTH PCN","CB7 5JD","06H",12.0155815912637,9
"U16083","SOUTH CENTRAL EALING PCN","W5 3TX","W2U3Z",17.9045951505655,6
"U16196","FOREST OF DEAN PCN","GL16 8HJ","11M",19.2318414822122,6
"U16318","RUGELEY & GREAT HAYWOOD PCN","WS6 6EW","04Y",16.1542710266751,7
"U16338","NORTH & SOUTH GLOUCESTER (NSG) PCN","GL3 2JH","11M",12.1853387475251,9
"U16428","MIDDLETON PCN","M24 2PU","01D",33.3150887481301,2
"U16446","NORTH UTTLESFORD PCN","CB10 1EJ","07H",8.63398580682728,10
"U16464","BARNSLEY PCN","S70 3NE","02P",30.0384308198279,3
"U16538","MERIDIAN HEALTH GROUP NEL PCN","DN40 1JW","03H",35.0685268918319,2
"U16600","4PCN (BNSSG) PCN","BS15 4EJ","15C",13.4916464791851,8
"U16737","POOLE NORTH PCN","BH18 8EE","11J",10.6220005525778,9
"U16816","ASPEN PCN","GL1 3PX","11M",22.5926376735484,5
"U16878","BEESTON PCN","LS11 8LH","15F",49.8572063742437,1
"U16983","A34 WEST BERKSHIRE PCN","RG20 8UY","15A",11.6561759184711,9
"U17012","SOUTH LINCOLNSHIRE RURAL PCN","PE10 9BT","71E",16.3159714595491,7
"U17022","BRADFORD NORTH WEST PCN","BD9 5PZ","36J",38.8012936561398,1
"U17081","ROMSEY & NORTH BADDESLEY PCN","SO51 8EN","D9Y0V",10.495661481907,9
"U17084","WALTHAM FOREST WALTHAMSTOW WEST PCN","E17 8PX","A3A8R",27.0909599184632,3
"U17153","WEST MENDIP PCN","BA6 9LP","11X",16.8091474239721,7
"U17156","MILLTOWN ALLIANCE PCN","OL9 8NH","00Y",36.4583593838427,1
"U17168","SOUTH HARDWICK PCN","S42 6PX","15M",23.6247775011784,4
"U17435","APEX PCN","LN6 0QQ","71E",19.7647331665398,6
"U17794","SOUTHEND VICTORIA PCN","SS1 2AB","99G",31.9892130670835,2
"U17834","DARTFORD MODEL PCN","DA1 1QY","91Q",20.0592872810091,6
"U17849","NEWCASTLE EAST PCN","NE4 6SH","13T",35.7098783681815,2
"U17969","FARNHAM PCN","GU9 9QS","D4U1Y",7.40213399971899,10
"U17992","BARROW AND MILLOM PCN","LA13 9SH","01K",32.1593555620652,2
"U18020","STOURBRIDGE, WOLLESCOTE & LYE PCN","DY8 3SS","D2P2L",22.3381239741548,5
"U18195","KINGSTANDING, ERDINGTON & NECHELLS PCN","B44 9ER","15E",40.9163256708685,1
"U18267","ROSEWOOD PCN","NG8 6PY","52R",29.6771688887091,3
"U18315","AT MEDICS STREATHAM PCN","SW16 2ST","72Q",23.0801983557383,4
"U18398","HAMMERSMITH & FULHAM PARTNERSHIP PCN","W12 8PP","W2U3Z",23.3672191555682,4
"U18460","SOUTHPORT & FORMBY PCN","PR8 4DB","01V",19.3783191424745,6
"U18888","MVPS PCN","WD23 2NN","06N",15.4121631694601,7
"U18986","SOUTHAMPTON CENTRAL PCN","SO14 1LT","D9Y0V",28.8121910163784,3
"U18990","WITHAM & MALDON PCN","CM8 2UX","06Q",15.8488068734956,7
"U19031","WELLINGBOROUGH & DISTRICT PCN","NN8 1LT","78H",24.3926334011664,4
"U19124","PORTSMOUTH NORTH PCN","PO6 1PA","10R",20.9074473621262,5
"U19152","WELWYN GARDEN CITY A PCN","AL8 7QG","06K",15.2068662466683,7
"U19169","CLIFTON & MEADOWS PCN","NG1 6LD","52R",35.4749163304631,2
"U19348","WOLVERHAMPTON UNITY EAST PCN","WV3 0JH","D2P2L",35.4710107439635,2
"U19424","CHESSINGTON AND SURBITON PCN","KT6 6BS","36L",11.7262274443132,9
"U19471","MERIDIAN PCN","CB23 2SH","06H",8.47778549836766,10
"U19803","BABYLON GP AT HAND PCN","SW6 7SX","W2U3Z",22.3222797257848,5
"U19808","LANCASTER PCN","LA1 1PN","01K",20.2660744675625,5
"U19923","WIMBORNE & FERNDOWN PCN","BH21 1AP","11J",10.3756418101608,10
"U20165","COCO PCN","GU22 7RR","92A",13.836962089456,8
"U20256","SOUTH TYNESIDE EAST PCN","NE33 4JP","00N",36.6781843619101,1
"U20290","LOXFORD PCN","IG4 5EY","A3A8R",23.767879342272,4
"U20320","MAIDENHEAD PCN","RG12 1YQ","D4U1Y",8.87172780803972,10
"U20349","NEWTON AND HAYDOCK PCN","WA11 0NA","01X",30.9294857100579,2
"U20350","FOUNDRY PCN","S3 9DL","03N",47.1125374993521,1
"U20410","WHAM PCN","GU22 7RR","92A",8.0950703890965,10
"U20454","WOLVERHAMPTON RWT PCN","WV10 0QP","D2P2L",27.8454136665812,3
"U20639","DELTA PCN","WD4 8ET","06N",10.5140541014222,9
"U20640","ST NEOTS PCN","PE19 1BQ","06H",13.1606735624123,8
"U20827","RURAL WEST OXFORDSHIRE PCN","OX18 4LS","10Q",8.43506367895826,10
"U20871","GOSPORT CENTRAL PCN","PO12 3JP","D9Y0V",20.4491016485477,5
"U20931","KIDLINGTON, ISLIP, WOODSTOCK & YARNTON (KIWY) PCN","OX16 9AD","10Q",10.1072110446516,10
"U21059","NORTH DEVON COASTAL PCN","EX33 1LR","15N",20.7298802410788,5
"U21078","TADCASTER AND SELBY RURAL PCN","LS25 5AA","03Q",10.4508959266939,9
"U21222","LEWISHAM ALLIANCE PCN","SE3 9RT","72Q",22.6353288475836,5
"U21248","TRIANGLE PCN","NN14 6JQ","78H",17.718142668815,6
"U21268","HACKNEY DOWNS PCN","N1 5HZ","A3A8R",32.8037179552847,2
"U21317","THE HAVENS PCN","BN9 9PW","97R",22.4532706301416,5
"U21339","ARUN INTEGRATED CARE (AIC) PCN","BN18 9JS","70F",18.111659410212,6
"U21359","SOUTH WORCS VALE OF EVESHAM HEALTH PCN","WR9 8RD","18C",15.7244045381655,7
"U21400","PENDLE EAST PCN","BB18 6QT","01A",24.8500843222853,4
"U21465","SHORE MEDICAL PCN","BH14 0DJ","11J",16.8663700476654,7
"U21470","HERNE BAY PCN","CT6 5RE","91Q",19.8491216274812,6
"U21547","SALISBURY PLAIN PCN","SN9 6DZ","92G",12.6200756701365,9
"U21617","TYNTESFIELD PCN","BS48 2XX","15C",8.14287794859404,10
"U21757","ORMSKIRK PCN","WN8 0EN","02G",11.3240692059349,9
"U21926","HINDLEY PCN","WN2 2QG","02H",30.3591920788713,2
"U21951","MENDIP PCN","BA3 5NQ","11X",15.5030868691201,7
"U21965","MEDWAY SOUTH PCN","ME5 9LD","91Q",21.3457296168764,5
"U21972","COASTAL FAREHAM & GOSPORT PCN","SO31 7DQ","D9Y0V",6.55207354120844,10
"U22020","ST PAUL'S PCN","GL50 4DP","11M",17.1362180187371,7
"U22092","STRAWBERRY HEALTH PCN","PO9 2AQ","D9Y0V",22.5069664930679,5
"U22192","THE MARSH PCN","TN28 8BW","91Q",24.6976753638017,4
"U22273","SOUTH RIBBLE MEDICAL GROUP PCN","PR1 0AD","01E",14.6588127918423,8
"U22426","DEAN'S AND CENTRAL BRIGHTON PCN","BN1 7GF","09D",23.7440473419432,4
"U22471","SMARTCARE CENTRAL PCN","B38 9NE","15E",43.2672745838484,1
"U22506","MODALITY LEWISHAM PCN","SE23 1HU","72Q",29.2533817920209,3
"U23362","SOUTH ONE NEWHAM PCN","E16 4QH","A3A8R",34.6915632401897,2
"U23418","LIGA WIGAN PCN","WN4 9SU","02H",21.2004775122343,5
"U23535","REDHILL PHOENIX PCN","RH3 7NJ","92A",11.7572346885542,9
"U23544","SANDHILLS PCN","SG19 1JQ","M1J4Y",12.5668355720553,9
"U23546","APLOS HEALTH PCN","SE23 2SG","72Q",25.443909448974,4
"U23620","BANBURY CROSS PCN","OX16 9AD","10Q",19.0819910301712,6
"U23710","SEVERN HEALTH PCN","GL5 3BS","11M",11.5648099961393,9
"U23714","REDCAR COASTAL PCN","TS10 1SR","16C",27.0670407651643,3
"U23742","BLACKBOURNE PCN","IP30 9QU","07K",12.5559657452942,9
"U23821","ARC BUCKS PCN","SL7 1DN","14Y",6.92772812105337,10
"U23862","STROUD COTSWOLD PCN","GL6 6RD","11M",10.3497422509817,10
"U24241","DANAIS PCN","HP3 9LY","06N",17.5537501847983,7
"U24247","CENTRAL & WEST (IW) PCN","PO40 9DT","D9Y0V",21.8016086697038,5
"U24388","CANTAB MEDICAL PRACTICES PCN","CB3 0DB","06H",12.4021605990236,9
"U24481","SEVENOAKS PCN","TN13 3AQ","91Q",10.3354576440151,10
"U24558","CHICHESTER ALLIANCE OF MEDICAL PRACTICES PCN","BN18 9JS","70F",14.6428750626413,8
"U24727","POTTERS BAR PCN","EN6 5DA","06N",12.1966038245961,9
"U24740","HOUNSLOW HEALTH PCN","TW3 2DY","W2U3Z",20.8856113104054,5
"U24883","NORTH SHROPSHIRE PCN","SY11 1RD","M2L0M",19.1177568062551,6
"U24977","CRAMLINGTON SEATON VALLEY PCN","NE23 6US","00L",21.9625263273752,5
"U24992","HERITAGE PCN","SE18 5TE","72Q",27.7447752514954,3
"U25131","KILBURN PARTNERSHIP PCN","NW2 3PS","W2U3Z",26.6473114402713,3
"U25219","FIVE TOWNS PCN","WF10 2QP","03R",27.1556447119965,3
"U25240","PEOPLE'S HEALTH PARTNERSHIP PCN","B42 1BT","15E",39.0671399728311,1
"U25251","WEYMOUTH & PORTLAND PCN","DT4 9QX","11J",24.4703496221006,4
"U25255","DEAL & SANDWICH PCN","CT14 7DN","91Q",17.763244576183,6
"U25294","MELTON, SYSTON AND VALE PCN","LE13 1NX","03W",12.9213578219533,8
"U25405","YATELEY PCN","GU17 0DD","D4U1Y",6.38086385138635,10
"U25489","BLYTH PCN","NE24 1DX","00L",36.0050785567481,1
"U25520","MID FURNESS PCN","LA12 7BT","01K",16.346226725194,7
"U25545","WELL UP NORTH PCN","TD15 1LL","00L",18.5617658991001,6
"U25572","DEVIZES PCN","SN10 4AQ","92G",14.5806295786543,8
"U25587","COMMUNITY CARE HALL GREEN PCN","B28 8BG","15E",29.5368932739095,3
"U25656","WALLASEY PCN","CH44 4AA","12F",36.894196268929,1
"U25680","KESWICK & SOLWAY PCN","CA7 4AH","01H",18.1380783083088,6
"U25707","TONE VALLEY PCN","TA2 8SQ","11X",21.3279298529573,5
"U25735","SWB CITRUS PCN","B69 1HE","D2P2L",35.3435732600281,2
"U25799","SMASH PCN","SK9 1HY","27D",11.6360905405596,9
"U25882","EREWASH PCN","NG10 3FR","15M",20.3142170773701,5
"U26059","NEW FOREST PCN","SO43 7EW","D9Y0V",11.3109147755217,9
"U26254","TELDOC PCN","TF3 2JZ","M2L0M",23.3792441333615,4
"U26345","SE SHROPSHIRE PCN","DY14 8DB","M2L0M",16.2505768467475,7
"U26379","HULME & CITY CENTRE SOUTH PCN","M15 6PR","14L",31.7982702487063,2
"U26715","WOLVERHAMPTON SOUTH EAST PCN","WV2 2AU","D2P2L",37.3723346234215,1
"U26743","TONBRIDGE PCN","TN12 6AX","91Q",12.7335342292908,8
"U26744","BARKING & DAGENHAM NEW WEST PCN","IG11 8GD","A3A8R",33.3432504453682,2
"U26788","LYTHAM ST ANNE'S & ANSDELL (LSA) PCN","FY8 4GW","02M",16.817415686796,7
"U26808","SARUM NORTH PCN","SP11 9RA","92G",13.4182634025505,8
"U26844","MOSAIC HEALTHCARE PCN","RG21 7AN","D9Y0V",13.909325934501,8
"U26864","DURHAM COAST PCN","DH6 3NP","84H",38.941290910754,1
"U26878","BARRACK LANE & IVRY STREET PCN","IP1 3QW","06L",25.6360517748275,4
"U26939","HORSHAM CENTRAL PCN","RH1 1EB","70F",9.41372005103646,10
"U26996","CITY CENTRE AND UNIVERSITY SHU PCN","S3 7SF","03N",23.1608057125224,4
"U26997","OXFORD CENTRAL PCN","OX2 6NW","10Q",13.5811426770432,8
"U27026","GRAVESEND CENTRAL PCN","DA11 0HN","91Q",26.1074140150161,3
"U27086","BD4+ PCN","BD4 7SS","36J",42.9066629251454,1
"U27128","PHOENIX SUNRISERS PCN","LU3 2JG","M1J4Y",26.5055266366287,3
"U27129","EDGBASTON PCN","B31 3HB","15E",38.2580433687745,1
"U27139","HARINGEY - SOUTH WEST PCN","N8 8JD","93C",20.2836208530806,5
"U27258","EAST IPSWICH PCN","IP4 2PZ","06L",25.4060301637138,4
"U27349","ONE LIFE HARTLEPOOL PCN","TS24 7PW","16C",35.9847079538203,1
"U27362","BARKING & DAGENHAM EAST ONE PCN","RM10 9HU","A3A8R",31.9852653349832,2
"U27366","BOURNVILLE AND NORTHFIELD PCN","B32 1QX","15E",34.4641154005105,2
"U27515","BOURNEMOUTH EAST COLLABORATIVE PCN","BH7 7BU","11J",22.6816239398758,5
"U27585","SEVEN KINGS PCN","IG4 5EY","A3A8R",19.5897164176573,6
"U27607","WOLVERHAMPTON TOTAL HEALTH PCN","WV6 0DE","D2P2L",35.4461899810497,2
"U27624","BAY PCN","LA3 1DA","01K",34.0643078117204,2
"U27664","STROOD PCN","ME2 2HA","91Q",22.6967860560011,5
"U27924","BENFLEET PCN","SS7 4EA","99F",10.9253275399388,9
"U27932","WEB PCN","EX8 1DQ","15N",13.3235725113013,8
"U28163","WEST 5 PCN","S10 1GN","03N",10.8869839783805,9
"U28174","TAUNTON CENTRAL PCN","TA1 1NW","11X",15.9582807856723,7
"U28178","UNITY (BEDFORD) PCN","MK44 1PZ","M1J4Y",14.3418463894149,8
"U28237","MIDDLEWOOD PCN","SK10 5JH","27D",8.11051110521193,10
"U28255","EAST NORTHANTS PCN","NN10 0GP","78H",14.7268079745504,8
"U28266","COLTE PARTNERSHIP (ARA) PCN","CO7 7LD","06T",13.8644652675831,8
"U28348","HARTHILL EAST RIDING PCN","HU10 6ED","02Y",10.4790010726245,9
"U28378","TOWNSHIPS 2 PCN","S12 3DZ","03N",28.6505330758088,3
"U28405","HIGH PEAK & BUXTON PCN","SK22 4AQ","15M",15.2454164183015,7
"U28474","THE BINGLEY BUBBLE PCN","BD17 5NH","36J",14.0019461725478,8
"U28765","ASOP PCN","RM15 4AD","07G",25.715687838442,4
"U28791","BRUNEL HEALTH GROUP PCN4","SN6 7DN","92G",10.4142672100229,9
"U29000","WARRINGTON CENTRAL EAST PCN","WA1 3RB","02E",22.2039516146072,5
"U29053","CITY SOUTH PCN","NG1 6LD","52R",22.2087685228882,5
"U29197","PHOENIX PCN","RG10 9JA","15A",5.03104597321592,10
"U29246","TOTTON PCN","SO40 3PY","D9Y0V",15.0487527544701,7
"U29424","HAVERING CREST PCN","RM1 4HL","A3A8R",20.1241401360544,5
"U29575","COVENTRY NAVIGATION 1 PCN","CV6 5EA","B2M3M",31.9981352740597,2
"U29677","EAST & CENTRAL BRIGHTON PCN","BN2 9DH","09D",29.8725415038931,3
"U29951","NANTWICH & RURAL PCN","CW3 0AH","27D",14.2276371829865,8
"U30079","BARNET 6 PCN","N12 8LY","93C",12.6377185181333,8
"U30123","ELY NORTH PCN","CB6 1JU","06H",12.6247065793178,8
"U30170","TABA WIGAN PCN","M29 7BS","02H",24.4995410371427,4
"U30213","CROSS COUNTIES PCN","LE2 4PE","03W",7.83745857052498,10
"U30256","SKYWARD PCN","CV1 4JU","B2M3M",25.3205515099388,4
"U30335","RAYLEIGH AND DISTRICT PCN","SS6 7JF","99F",8.06600634551792,10
"U30526","MAYDAY SOUTH PCN","CR7 7HQ","36L",30.8017189881869,2
"U30563","FAREHAM & PORTCHESTER PCN","PO16 7ER","D9Y0V",12.1948719940389,9
"U30587","DONCASTER NORTH PCN","DN1 2DJ","02X",32.6995914540981,2
"U30913","BEVERLEY PCN","HU17 7JY","02Y",11.0509512351683,9
"U31094","CHAW (CHELFORD, HANDFORTH, ALDERLEY EDGE, WILMSLOW) PCN","SK9 5HX","27D",8.99979558508616,10
"U31169","SEVEN HILLS PCN","S9 4QH","03N",34.0207179803309,2
"U31228","BURMANTOFTS, HAREHILLS & RICHMOND HILL PCN","LS9 6AU","15F",46.7650655019282,1
"U31269","WEST LEEDS PCN","LS28 7BR","15F",25.4512675903784,4
"U31305","SHAPE PCN","SL1 6BB","D4U1Y",21.6798395906871,5
"U31313","SOUTH WARRINGTON PCN","WA4 1LJ","02E",10.9809209590101,9
"U31390","CREFFIELD MEDICAL GROUP PCN","CO2 7GH","06T",15.4074606308381,7
"U31420","BRECKLAND SURGERIES PCN","IP25 6FA","26A",23.5173883231653,4
"U31504","ROSSENDALE WEST PCN","BB4 5SL","01A",22.5544876598136,5
"U31538","ROSEBANK PCN","GL1 5JQ","11M",23.7508947454264,4
"U31548","HEALTH VISION PARTNERSHIP PCN","WS10 0EB","D2P2L",35.6595517100728,2
"U31619","TEESDALE PCN","DL14 6AB","84H",18.7630929504129,6
"U31823","BURNLEY EAST PCN","BB10 1PD","01A",38.6027975384851,1
"U31847","WAKEFIELD HEALTH ALLIANCE SOUTH PCN","WF10 2QP","03R",31.956775781644,2
"U31922","NEXUS MK PCN","MK14 6GL","M1J4Y",19.8568395686581,6
"U31970","TRURO PCN","TR1 2JA","11N",18.7424089089631,6
"U32001","SEVERNVALE PCN","BS35 1DP","15C",10.2993474977836,10
"U32116","SWB YOUR HEALTH PARTNERSHIP PCN","B65 0BA","D2P2L",34.1218298334008,2
"U32323","MANSFIELD NORTH PCN","NG8 6PY","52R",28.3406003125478,3
"U32349","SOUTH WORCS WORCESTER CITY GP PCN","WR2 5FB","18C",19.4938211547563,6
"U32372","OUTER EXETER PCN","EX2 8UP","15N",12.9851998895168,8
"U32760","PURBECK PCN","BH19 1HB","11J",15.2136804964539,7
"U32828","SHEEN & BARNES PCN","SW14 8LP","36L",9.50868106465633,10
"U32831","CANALSIDE PCN","OL11 1AD","01D",38.8698433074697,1
"U32901","BRUNEL HEALTH GROUP PCN3","SN6 7DN","92G",15.5529563861675,7
"U32995","WHITSTABLE PCN","CT5 3SE","91Q",14.5855804346267,8
"U33024","ONE THORNTON HEATH PCN","CR7 8LY","36L",25.9069711894067,4
"U33065","HARNESS NORTH PCN","NW10 8TF","W2U3Z",21.044629892427,5
"U33192","SOAR VALLEY PCN","LE11 5DX","04V",9.97135907167127,10
"U33392","BARNET 2 PCN","N12 8LY","93C",14.2687935949972,8
"U33451","SOUTH CRAWLEY PCN","RH1 1EB","70F",20.2964373805841,5
"U33522","HARLOW SOUTH PCN","CM18 6YJ","07H",23.3238416984687,4
"U33566","GUILDFORD EAST PCN","GU27 2BJ","92A",7.30322321628271,10
"U33593","RURAL NORTH CHICHESTER PCN","BN18 9JS","70F",12.6640310793238,8
"U33609","NGP PCN","UB5 4NY","W2U3Z",20.2564067751099,5
"U33691","GATESHEAD INNER WEST PCN","NE16 4PD","13T",21.5014512947792,5
"U33832","MERIDIAN MEDICAL PCN","LN11 0JN","71E",23.2042572701074,4
"U33954","GP CONNECT PCN","CV1 4JU","B2M3M",29.631404120757,3
"U33963","BRISTOL INNER CITY PCN","BS5 9QY","15C",34.7565360094586,2
"U34072","HARLOW NORTH PCN","CM17 0AX","07H",19.8754260565117,6
"U34146","JESMOND - LOWER GOSFORTH PCN","NE4 6SH","13T",11.0110951917117,9
"U34184","WHITEWATER LODDON PCN","RG27 8QJ","D9Y0V",8.56403288168806,10
"U34188","NEWHAM NORTH EAST 1 PCN","E15 4ES","A3A8R",28.926305194407,3
"U34230","NEWTON WEST PCN","TQ12 5DJ","15N",13.9055999781439,8
"U34235","DOVER TOWN PCN","CT16 1SF","91Q",26.7348702273779,3
"U34388","CULM VALLEY PCN","EX5 4HZ","15N",13.8768176764422,8
"U34538","ATTENBOROUGH PCN","WD23 2NN","06N",13.6241890671534,8
"U34632","BRIDGEDALE SOUTH RIBBLE PCN","PR5 4AY","00X",15.4536899136222,7
"U34667","GORTON AND LEVENSHULME PCN","M40 7LH","14L",44.6613006887565,1
"U34742","CENTRAL HALIFAX PCN","HX1 4JG","02T",33.2719981295257,2
"U34811","WEST AND CENTRAL PCN","NW6 7JQ","93C",23.9496643885367,4
"U34816","BLACKBURN WEST PCN","BB1 3HQ","00Q",33.0405459976362,2
"U34826","CRANE VALLEY PCN","BH22 8AZ","11J",10.71623502346,9
"U35004","CROWN PCN","MK3 7QU","M1J4Y",19.6347272706242,6
"U35438","BARNET 4 PCN","HA8 9GJ","93C",13.8784075265293,8
"U35513","CELADINE HEALTH & METROCARE PCN","UB8 1HE","W2U3Z",9.17184792147806,10
"U35724","MEIR PCN","ST3 1EQ","05W",30.3799235848035,2
"U35821","KETTERING & SOUTH WEST RURAL PCN","NN16 8JZ","78H",16.3375164749717,7
"U35939","KENDAL PCN","LA9 7HR","01K",13.270589722186,8
"U35980","CENTRAL LIVERPOOL PCN","L69 3GD","99A",40.363711859831,1
"U35987","HINCKLEY CENTRAL PCN","LE9 4LH","04V",14.873859752257,8
"U36042","GORLESTON PCN","NR31 8HS","26A",26.4526479603235,3
"U36134","NEWCASTLE CENTRAL PCN","SK9 1HY","05G",19.8523737651068,6
"U36188","BECKENHAM PCN","BR3 3QL","72Q",11.942199472788,9
"U36231","ORION PCN","LE3 0LP","04C",27.3478559778559,3
"U36299","ALPHA PCN","HP23 6PU","06N",7.27076790964503,10
"U36452","LEAMINGTON SOUTH PCN","CV32 5QB","B2M3M",12.4042400858944,9
"U36510","COLNE UNION PCN","UB8 1HE","W2U3Z",25.0835205290298,4
"U36512","WHITFIELD PCN","SK9 1HY","05W",25.8608171572184,4
"U36584","HARINGEY - N15/SOUTH EAST PCN","N15 3DY","93C",32.8619702610845,2
"U36651","M-WEB PCN","NN3 8AW","78H",18.5770231496163,6
"U36652","CENTRAL WATFORD PCN","WD18 0JP","06N",16.1020322130805,7
"U36687","ENFIELD SOUTH WEST PCN","N21 3LE","93C",19.0777090145645,6
"U36721","ARBENNEK HEALTH PCN","PL26 8JF","11N",25.3390455374552,4
"U36746","DONCASTER CENTRAL PCN","DN1 2DJ","02X",33.9192833540931,2
"U36776","FRESHNEY PELHAM NEL PCN","DN31 1QZ","03H",30.5036045927327,2
"U36779","BRIXTON AND CLAPHAM PARK PCN","SW4 7NU","72Q",24.2454724801061,4
"U36780","HEALTH VILLAGE/DEARNE VALLEY PCN","S65 1DA","03L",36.0668287809694,1
"U36795","NORTH 1 ISLINGTON PCN","N7 8EG","93C",30.3745466375637,2
"U36809","BRUNEL HEALTH GROUP PCN5","SN6 7DN","92G",21.2869736096699,5
"U36833","CHELTENHAM CENTRAL PCN","GL50 3EQ","11M",14.7512894049451,8
"U36842","GREATER WEALDEN PCN","BN8 4LT","97R",11.842725021147,9
"U37007","READING UNIVERSITY PCN","RG2 7HE","15A",16.2404613560625,7
"U37037","SHOREHAM AND SOUTHWICK PCN","BN43 5US","70F",15.724866219817,7
"U37086","WEST END & MARYLEBONE PCN","WC2H 9AA","W2U3Z",17.132927893955,7
"U37262","CANBURY CHURCHILL ORCHARD BERRYLANDS PCN","KT2 6HR","36L",11.2511150244156,9
"U37286","TOWER NETWORK PCN","E1 2LP","A3A8R",27.4021367065341,3
"U37296","WEST KNOWSLEY PCN","L36 3TN","01J",43.4218320416004,1
"U37297","NETWORK 4 (BNSSG) PCN","BS15 8NJ","15C",12.8501461930556,8
"U37316","BRADFORD CITY 4 PCN","BD8 9LB","36J",48.2487356870229,1
"U37339","SITTINGBOURNE PCN","ME10 2ST","91Q",22.319410438284,5
"U37341","FOUNDRY HEALTHCARE LEWES PCN","BN7 2LU","97R",13.2156014275114,8
"U37388","BRAMHALL CHEADLE AND HULME PCN","SK8 6LU","01W",11.9654323326349,9
"U37411","HAXBY HULL GROUP PCN","HU7 3JQ","03F",32.9201817853162,2
"U37412","WEST DEVON PCN","PL19 8BU","15N",17.1424041982145,7
"U37593","SEDGEFIELD 1 PCN","DH6 3NP","84H",30.1148575781195,3
"U37618","SOUTH SEFTON PCN","L23 6TZ","01T",34.216328582801,2
"U37826","SOUTH TYNESIDE WEST PCN","NE33 4JP","00N",32.9342692469234,2
"U38045","NORTH LAMBETH PCN","SE11 4HJ","72Q",26.704079973797,3
"U38064","NORTH & WEST HEREFORDSHIRE PCN","HR1 2HE","18C",20.259779355464,5
"U38066","SARUM TRINITY PCN","SP1 3UH","92G",11.9958160401135,9
"U38216","BRADFORD CITY 6 PCN","BD7 3EG","36J",45.8914828609272,1
"U38221","TOLSON CARE PARTNERSHIP PCN","HD1 1NY","X2C4Y",28.4179467897625,3
"U38271","ASHTON PCN","OL6 9QH","01Y",38.4929897501489,1
"U38328","BROXBOURNE ALLIANCE PCN","EN10 6FD","06K",18.1949961532543,6
"U38486","CLAYPATH & UNIVERSITY MEDICAL GROUP PCN","DH1 1QW","84H",10.5871891052616,9
"U38661","LINCOLN HEALTH PARTNERSHIP PCN","LN5 7LB","71E",23.8539077421025,4
"U38731","MID DORSET PCN","DT11 0AT","11J",14.6207989240621,8
"U38734","SELSDON PURLEY & COULSDON HEALTH PCN","CR2 8LG","36L",12.9353528944494,8
"U39025","WGGL PCN","CO10 8NY","07K",14.4666454340242,8
"U39113","NEWCASTLE SOUTH PCN","ST5 6PS","05G",15.7746832493999,7
"U39263","ELTHAM PCN","SE9 6ER","72Q",22.421395853012,5
"U39345","UOS STUDENT PCN","S3 7QP","03N",16.9108695218104,7
"U39446","EAST BEDFORD PCN","MK42 0NT","M1J4Y",22.8552712910392,5
"U39686","BARNET 5 PCN","NW4 3EB","93C",18.4737973432362,6
"U39721","HILLS, BROOKS & DALES GROUP PCN","SE24 9QP","72Q",24.6426526908636,4
"U39739","WEST OF WAVERLEY PCN","GU27 2BJ","92A",7.82447394188585,10
"U40100","LONDON FIELDS PCN","N1 5HZ","A3A8R",32.7727373837045,2
"U40115","LIVEWELL MAYFLOWER PCN","PL5 1PL","15N",30.7735563542656,2
"U40159","MMWF PCN","NN3 8DW","78H",30.4470308653132,2
"U40164","EASTLEIGH HEALTH PCN","SO50 4QP","D9Y0V",14.281886430293,8
"U40386","COLTE PARTNERSHIP (WCW) PCN","CO7 0DT","06T",17.5413039982849,7
"U40458","MORDEN PCN","SM4 5RT","36L",17.1874089520555,7
"U40502","HARTLEPOOL HEALTH PCN","TS25 1QU","16C",34.6243179821728,2
"U40593","ORWELL PCN","IP1 2EU","06L",30.4445396230574,2
"U40722","SWANLEY & RURAL PCN","BR8 7AH","91Q",17.4488461580322,7
"U40951","MID DEVON HEALTHCARE PCN","EX17 6FB","15N",18.9371696978417,6
"U41041","FIVEWAYS PCN","SW9 6NA","72Q",30.0416182129115,3
"U41523","SOUTH COTSWOLDS PCN","GL7 1XG","11M",10.5368621436011,9
"U41563","OLDHAM NORTH PCN","OL2 6QW","00Y",23.3660655555556,4
"U41591","COAST AND COUNTRY PCN","EX22 6GH","15N",24.4377544392256,4
"U41693","SPALDING PCN","PE11 2BY","71E",14.639826731414,8
"U41928","SOLIHULL RURAL PCN","B93 8LH","15E",7.10096265288973,10
"U41930","GATESHEAD OUTER WEST PCN","NE21 4RD","13T",21.439548452185,5
"U42007","NORTH WEST LEICESTERSHIRE PCN","LE67 5HX","04V",14.2181981848673,8
"U42142","CLACTON PCN","CO15 3PP","06T",35.5027518706574,2
"U42152","WIGAN CENTRAL PCN","WN6 7LB","02H",31.4790357125528,2
"U42154","BATTERSEA PCN","SW11 5TU","36L",18.8955363689913,6
"U42235","BANSTEAD HEALTHCARE PCN","KT18 5AD","92A",9.57218736127979,10
"U42276","CHISWICK PCN","W4 3JL","W2U3Z",15.1135070540245,7
"U42510","BLANDFORD PCN","DT11 7BH","11J",15.883012225246,7
"U42598","BALHAM, TOOTING & FURZEDOWN PCN","SW12 9HS","36L",17.6838808327604,6
"U42671","FLEET PCN","GU52 7US","D4U1Y",4.64786874073464,10
"U42807","FOUNTAINS PCN","CH1 4DS","27D",19.97778806067,6
"U42898","SOUTH TRAFFORD PCN","WA15 8NZ","02A",9.32545838124724,10
"U42972","VICTORIA EASTBOURNE PCN","BN21 1RT","97R",17.2899307332569,7
"U43067","CROSSGATES PCN","LS14 6NX","15F",27.6549233065057,3
"U43084","WEST WAKEFIELD PCN","WF5 8DF","03R",21.027152412439,5
"U43112","BROMLEY CONNECT PCN","BR1 3DR","72Q",11.3439687850607,9
"U43314","SUNDERLAND NORTH PCN","SR5 2LT","00P",31.5123160973223,2
"U43524","NEWCASTLE CENTRAL HEALTH PCN","NE1 8DQ","13T",26.0337302769964,3
"U43660","NORTH BIRMINGHAM PCN","B35 7QX","15E",40.8249088224346,1
"U44012","KESTON MOORINGS & PARKSIDE PCN","CR2 6EX","36L",13.9858255224127,8
"U44050","SOUTH WEST MERTON PCN","SW20 8DA","36L",9.23632012802097,10
"U44365","WEST BIRMINGHAM PCN","B43 7DY","15E",44.9944570295908,1
"U44401","NORTH LINCOLNSHIRE EAST PCN","DN20 8AS","03K",17.9663033333333,6
"U44537","SWB MODALITY PCN","B19 1BP","15E",43.1537874915354,1
"U44561","BESTWOOD AND SHERWOOD PCN","NG1 6LD","52R",30.3582037367223,2
"U44623","TOTAL HEALTH EXCELLENCE EAST PCN","CT15 7ET","91Q",26.3437781747595,3
"U44671","KENNET PCN","RG18 3HD","15A",9.42666491645664,10
"U44695","WEST END FAMILY HEALTH PCN","NE4 7JT","13T",42.618608295082,1
"U44713","SARUM CATHEDRAL","SP2 7FD","92G",15.5359464649483,7
"U45014","WARRINGTON INNOVATION PCN","WA1 1UG","02E",17.8102626869919,6
"U45098","CLAPHAM PCN","SW4 7DB","72Q",23.6256040514927,4
"U45102","DARLINGTON PCN","DL3 7PL","16C",25.9879914666378,4
"U45156","OLDBURY & SMETHWICK PCN","B69 4DE","D2P2L",35.4398615353808,2
"U45528","SOLIHULL HEALTHCARE PARTNERSHIP PCN","B91 2AG","15E",9.41216765424118,10
"U45611","SKELMERSDALE PCN","WN8 0EN","02G",27.9283388769703,3
"U45670","WEST OUTER AND NORTH EAST YORK PCN","YO32 2LL","03Q",10.5940347858228,9
"U45703","GREENWELL PCN","W7 1DR","W2U3Z",24.2715360590722,4
"U45809","BLACKPOOL SOUTH PCN","FY4 1TJ","00R",37.8306391435674,1
"U45842","WEST WANDSWORTH PCN","SW15 4LE","36L",17.5799798642419,7
"U45898","NEWCASTLE INNER WEST PCN","NE4 6SH","13T",41.1474798088141,1
"U45943","EAST MERTON PCN","CR4 1BP","36L",22.7681277845777,5
"U45992","CITY CENTRE & ANCOATS PCN","M4 6EE","14L",36.9129974463014,1
"U46071","WESTHOUGHTON NETWORK PCN","BL1 1LS","00T",16.4611436437897,7
"U46082","YORK CITY CENTRE PCN","YO1 7NP","03Q",10.6205285923092,9
"U46154","WINCHESTER RURAL NORTH & EAST PCN","SO20 6HG","D9Y0V",10.2598714257413,10
"U46190","MEWSTONE PCN","PL9 0BE","15N",11.6425878920268,9
"U46293","WOODBERRY WETLANDS PCN","N1 5HZ","A3A8R",31.9311148305706,2
"U46389","HAVANT AND WATERLOOVILLE PCN","PO9 1DQ","D9Y0V",21.4804317191942,5
"U46417","NORTH COLCHESTER PCN","CO4 5LE","06T",14.1767432573154,8
"U46437","BORDESLEY EAST PCN","B32 1QX","15E",42.078725254949,1
"U46447","GOLDSTONE PCN","BN3 1AE","09D",17.0687680117769,7
"U46454","HARBORNE PCN","B31 3HB","15E",21.9178863978081,5
"U46464","IVEL VALLEY SOUTH PCN","SG17 5FS","M1J4Y",7.99250855429782,10
"U46593","GREENWICH WEST PCN","SE10 8NT","72Q",22.6356472071027,5
"U46695","BURNTWOOD PCN","WS7 0AQ","05Q",14.5179585059853,8
"U46901","SASSE NETWORK 1 PCN","GU22 7RR","92A",13.5014201561933,8
"U46976","MORETON AND MEOLS PCN","CH46 7XA","12F",25.5313495835939,4
"U47004","SOUTHAMPTON WEST PCN","SO16 4AH","D9Y0V",26.848309133894,3
"U47184","CHESHAM & LITTLE CHALFONT PCN","HP7 9NU","14Y",10.5563342073417,9
"U47223","DERBY CITY SOUTH PCN","DE23 3TX","15M",16.8750216393066,7
"U47228","ABC PCN","ME15 6SB","91Q",17.9423163975872,6
"U47242","NOTTINGHAM CITY EAST PCN","NG1 6LD","52R",35.5423543102649,2
"U47425","WEST SOMERSET PCN","TA22 9EN","11X",23.9474141287192,4
"U47608","NEOHEALTH PCN","W11 2EH","W2U3Z",33.9360534276311,2
"U47609","ALLIANCE OF SUTTON PRACTICES PCN","B72 1RL","15E",14.0538330033611,8
"U47655","DIDCOT PCN","OX11 7GD","10Q",9.73055233329707,10
"U47657","INTEGRATED CARE PARTNERSHIP PCN","KT17 4BL","92A",8.97694180250161,10
"U47812","WALTHAM FOREST SOUTH LEYTONSTONE PCN","E11 3QF","A3A8R",26.596841509227,3
"U47851","ARROW HEALTH PCN","NG8 6PY","52R",16.2206159658717,7
"U47882","BLACKPOOL CENTRAL WEST PCN","FY1 4LN","00R",60.5073007305071,1
"U47946","E4 NETWORK PCN","E4 8LF","A3A8R",21.8426699617767,5
"U47975","SOUTH WAVENEY PCN","NR33 7QA","26A",19.8819155593093,6
"U48026","LEICESTER CITY & UNIVERSITY PCN","LE2 1XD","04C",32.0120376448101,2
"U48056","EASTBOURNE EAST PCN","BN24 5DZ","97R",18.7309681530431,6
"U48176","CHELMER PCN","CM1 1TR","06Q",11.7501833820919,9
"U48302","COPELAND PCN","CA28 7BA","01H",24.8291267044263,4
"U48502","BLACKBURN EAST PCN","BB1 3HQ","00Q",40.7217748846168,1
"U48538","HEALTHWEST PCN","BS8 3EU","15C",12.6346917974039,8
"U48652","KINGS LYNN PCN","PE30 5QX","26A",26.3761833648656,3
"U48691","WARE AND RURALS PCN","SG13 7EE","06K",8.85951585303039,10
"U48923","SWB URBAN HEALTH PCN","B12 8QE","15E",40.2786890309534,1
"U49001","WATERGATE PCN","TR9 6RS","11N",22.5241270772239,5
"U49145","GO WEST PCN","CV1 4JU","B2M3M",20.8129423680457,5
"U49226","BURY PCN","BL9 5BT","00V",28.7903735626649,3
"U49304","WOKINGHAM NORTH PCN","RG6 1JS","15A",7.85464254819245,10
"U49525","HORIZON PCN","BL9 5BT","00V",23.7168808481877,4
"U49529","CLAYTON BESWICK & OPENSHAW PCN","M11 1JG","14L",47.5698432754991,1
"U49536","COASTAL AND SOUTH DOWNS PCN","BN14 0DL","70F",13.4925728746216,8
"U49574","ASCENT PCN","MK17 8QP","M1J4Y",14.647812173913,8
"U49615","SOUTH RURAL PCN","IP6 8EZ","06L",11.516459903834,9
"U49727","ANFIELD & EVERTON PCN","L6 4EW","99A",63.2484556836991,1
"U49728","WALSALL WEST 1 PCN","WS2 0BA","D2P2L",34.9499080730869,2
"U49785","WYVERN HEALTH PARTNERSHIP PCN","SN3 4BF","92G",20.8600783731098,5
"U49851","WACA PCN","BD20 6RB","36J",18.6074974903731,6
"U49896","TEDDINGTON PCN","TW11 8HU","36L",10.5955212271759,9
"U49929","ROCHFORD PCN","SS4 3BW","99F",15.4990489107692,7
"U49944","UPPER DON VALLEY PCN","S36 1BX","03N",18.0908552740359,6
"U50083","THE WBC (HEREFORD CITY) PCN","HR1 2HE","18C",18.3723516891892,6
"U50107","HAVERING MARSHALL PCN","RM1 3LS","A3A8R",15.5335324507793,7
"U50165","MARKET HARBOROUGH & BOSWORTH PCN","LE16 9BX","03W",9.67694551845343,10
"U50197","FROGNAL PCN","DA7 6HZ","72Q",13.0328605109849,8
"U50263","OTLEY PCN","LS21 1BQ","15F",12.4429767161506,9
"U50277","THE CRAYS COLLABORATIVE PCN","BR3 3QL","72Q",26.8723770728394,3
"U50311","EDMONTON PCN","N9 9PU","93C",34.8029131831794,2
"U50322","BARNSTAPLE ALLIANCE PCN","EX32 9LL","15N",20.1518819945239,5
"U50573","CARNFORTH AND MILNTHORPE PCN","LA5 9JU","01K",11.0785182383916,9
"U50767","ASHFORD MEDICAL PARTNERSHIP PCN","TN24 0HZ","91Q",21.9156106558598,5
"U50771","TOWER HAMLETS NETWORK 1 PCN","E2 6LL","A3A8R",30.3615571645233,2
"U50996","LOWER VALLEY PCN","HX1 4JG","02T",18.0541213896183,6
"U51050","HARROW EAST PCN","HA7 1JP","W2U3Z",16.2740387053428,7
"U51153","WEOLEY AND RUBERY PCN","B32 1QX","15E",40.0683846101278,1
"U51200","ARNOLD AND CALVERTON PCN","NG8 6PY","52R",15.8799407786946,7
"U51229","MEDICS PCN","LU3 1RW","M1J4Y",26.2869179401262,3
"U51307","CRANBROOK PCN","IG4 5EY","A3A8R",17.814191236271,6
"U51357","WOKING WISE 1 PCN","GU22 7RR","92A",8.80909574775817,10
"U51429","THE VALE PCN","SP8 4XS","11J",14.7307788005579,8
"U51488","EAST HILL, ABBEY FIELDS & TOLLGATE PCN","CO2 7UW","06T",21.5906061837119,5
"U51492","CLISSOLD PARK PCN","N1 5HZ","A3A8R",29.365202735295,3
"U51498","HH COLLABORATIVE PCN","UB8 1HE","W2U3Z",24.1662740615109,4
"U51577","KENTISH TOWN CENTRAL PCN","NW5 1TR","93C",23.3320669027708,4
"U51636","HARINGEY - NORTH CENTRAL PCN","N8 8JD","93C",22.7904174003331,5
"U51667","BEACON (CHARNWOOD) PCN","LE11 5DX","04V",14.1265530610483,8
"U51839","TOTAL HEALTH EXCELLENCE WEST PCN","CT20 2SE","91Q",29.4535902714349,3
"U51930","SYNERGY PCN","UB8 1UB","W2U3Z",15.5375385083645,7
"U52026","SW SHROPSHIRE PCN","SY7 9PY","M2L0M",19.2624631249638,6
"U52075","NORTH RIDING HEALTHY COMMUNITY PCN","YO62 4EF","42D",15.9953131238916,7
"U52199","SELSDON ADDINGTON & SHIRLEY PCN","CR2 7NG","36L",20.1099249975899,5
"U52219","NORTH LINCOLNSHIRE SOUTH PCN","DN16 2AB","03K",25.2055703205651,4
"U52261","BLUE PCN","NN5 6FR","78H",21.7090553073948,5
"U52297","SUNDERLAND EAST PCN","SR2 8AX","00P",35.9857201116164,1
"U52461","CENTRAL HAMPSTEAD PCN","NW1 8UR","93C",16.8167243031729,7
"U52468","TENDRING PCN","CO7 8PJ","06T",30.3654460431655,2
"U52546","NORTH WEST MERTON PCN","SW19 1NX","36L",8.69416059743955,10
"U52641","NORTH NEWHAM PCN","E15 4ES","A3A8R",29.1983975587234,3
"U52694","CRAWLEY CARE COLLABORATIVE PCN","RH11 0NF","70F",19.3856949420215,6
"U52763","HAVERHILL PCN","CB9 8HF","07K",18.4308438854911,6
"U52802","FOUR COUNTIES PCN","PE9 1YA","71E",10.2201892889897,10
"U52814","KINGSTON PCN","KT2 5AD","36L",11.5268990700558,9
"U52868","ALPS GROUP PCN","BN21 4HY","97R",23.4809850993377,4
"U52997","EAST SUFFOLK PCN","IP14 2SY","06L",17.6536659080712,6
"U53179","GLOUCESTER INNER CITY PCN","GL1 5JJ","11M",29.2901251077772,3
"U53230","THE PICTON PCN","L7 6HD","99A",50.5027781703411,1
"U53279","CALDER & RYBURN PCN","HX1 4JG","02T",20.6608253197231,5
"U53317","WOKING WISE 2 PCN","GU22 7RR","92A",12.1666999685451,9
"U53419","ROCKINGHAM FOREST PCN","NN17 2UR","78H",22.6301051504096,5
"U53562","NORTH SOUTHALL PCN","UB1 2AY","W2U3Z",26.7827213911265,3
"U53612","DACORUM BETA PCN","HP2 5BL","06N",16.9326890097933,7
"U53775","WESTONGROVE PCN","HP22 6LD","14Y",6.38532462373232,10
"U53896","NORTH LEWISHAM PCN","SE14 6LD","72Q",28.2549970166857,3
"U53900","DENTON PCN","M43 6DE","01Y",28.987584370651,3
"U53962","DURHAM EAST PCN","DH4 6RQ","84H",19.6420533994642,6
"U53963","ASHFIELD SOUTH PCN","NG8 6PY","52R",25.5601058008572,4
"U53997","SOUTHAMPTON WOOLSTON & TOWNHILL PCN","SO30 4BZ","D9Y0V",25.3786766098355,4
"U53999","GREATER DERBY PCN","DE22 2QN","15M",21.0586716968796,5
"U54007","NORTH CAMDEN PCN","NW3 2QU","93C",13.6083223012116,8
"U54044","SWB CENTRAL HEALTH PARTNERSHIPS PCN","B67 7LU","D2P2L",33.8430798490234,2
"U54372","SPEN HEALTH & WELLBEING PCN","WF12 9QU","X2C4Y",25.4459611093035,4
"U54453","TOWER HAMLETS NETWORK 2 PCN","E1 5PB","A3A8R",30.8491431113748,2
"U54554","PIONEERS INTEGRATED PARTNERSHIP PCN","B42 1BT","15E",32.3007277371205,2
"U54565","NORTH ARDEN PCN","CV9 1EU","B2M3M",22.0036593008454,5
"U54760","HIGH WEALD PCN","TN6 1AH","97R",9.54579064475348,10
"U54764","LEICESTER CITY SOUTH PCN","LE1 4SX","04C",40.9803938545689,1
"U54853","DONCASTER EAST PCN","DN1 2DJ","02X",29.2315162252149,3
"U54911","LIVERPOOL FIRST PCN","L6 3BY","99A",50.1369673435844,1
"U54948","BALSALL HEATH, SPARKHILL & MOSELEY PCN","B31 3HB","15E",47.5814781894376,1
"U55014","NORTH & CENTRAL BRIGHTON PCN","BN1 3FS","09D",18.3520411789395,6
"U55146","CENTRAL BASILDON PCN","SS16 6SA","99E",31.5794076238625,2
"U55161","PENNINES PCN","OL15 8HF","01D",23.9760430680886,4
"U55369","SOUTH FENLAND PCN","PE16 6EX","06H",16.5896096857884,7
"U55387","BARKING & DAGENHAM NORTH PCN","RM8 1BX","A3A8R",32.3881590754444,2
"U55397","THE COASTAL NETWORK PCN","TQ14 8AY","15N",17.6158630202903,7
"U55399","BAYWIDE PCN","TQ5 9TF","15N",26.2939493125081,3
"U55441","HALESOWEN PCN","B63 4WD","D2P2L",18.9968933156915,6
"U55709","CENTRAL 2 ISLINGTON PCN","N7 8EG","93C",25.9582005446833,4
"U55717","HAMMERSMITH & FULHAM CENTRAL PCN","W6 7BL","W2U3Z",22.8549854894245,5
"U55724","ARDEN PCN","CV32 5QB","B2M3M",12.988538099694,8
"U55812","STEVENAGE NORTH PCN","SG1 3QA","06K",18.2289778767393,6
"U55830","CENTRAL MIDDLESBROUGH PCN","TS1 2NX","16C",45.7024067360022,1
"U55939","HAVERING NORTH PCN","RM3 7JJ","A3A8R",23.2337018538414,4
"U55979","SARUM WEST PCN","SP2 0JU","92G",15.5250141802342,7
"U56140","COASTAL (WEST HAMPSHIRE) PCN","BH25 5JP","D9Y0V",13.0772862739234,8
"U56215","TRENT CARE PCN","LN1 2NU","71E",29.0827656864209,3
"U56223","BRIDLINGTON PCN","HU3 4AE","02Y",33.6046049923047,2
"U56341","BRENTWORTH PCN","TW7 7DJ","W2U3Z",20.8049665772099,5
"U56562","PRIORY MEDICAL GROUP YORK PCN","YO24 3WX","03Q",14.0364889230397,8
"U56575","LOCC PCN","RG12 1YQ","D4U1Y",21.4035578577589,5
"U56676","EPPING FOREST NORTH PCN","CM16 6TL","07H",17.0036115686155,7
"U56681","DOCKLANDS PCN","E6 5JS","A3A8R",27.2269160418874,3
"U56729","SEISDON PCN","ST16 3EB","05Q",12.8921187949474,8
"U56757","MEDWAY PENINSULA PCN","ME3 8HX","91Q",20.0482062902964,6
"U56857","CHEADLE NETWORK PCN","SK8 1BH","01W",15.5962827820817,7
"U56977","KNARESBOROUGH & RURAL PCN","HG2 8AY","42D",10.8236638659959,9
"U57009","FILEY AND SCARBOROUGH PCN","YO12 5SD","42D",21.9050686262182,5
"U57096","CHORLEY TOGETHER PCN","PR7 2TH","00X",16.5156921099148,7
"U57294","SWB CARITAS PCN","B66 3NR","D2P2L",35.6546498156342,2
"U57300","CARE COLLABORATIVE (REDHILL) PCN","RH1 1EB","92A",12.2817689987071,9
"U57321","ABINGDON AND DISTRICT PCN","OX14 1BT","10Q",9.42989265018825,10
"U57480","SWAGGA PCN","L17 0BY","99A",32.3852853358582,2
"U57586","BRENT NORTH KWH PCN","ME19 4UA","W2U3Z",22.2058665282105,5
"U57641","EAST STAFFORDSHIRE PCN","ST4 8GB","05D",18.2488848609165,6
"U57786","SWINTON PCN","M6 5FX","01G",25.4853505344871,4
"U57955","HAMBLETON SOUTH PCN","DL8 2AT","42D",12.1161829778479,9
"U57981","CHANCTONBURY PCN","BN18 9JS","70F",10.557217714425,9
"U58020","SEVENFIELDS PCN","BR1 5NJ","72Q",29.3749641466814,3
"U58127","COVENTRY CENTRAL PCN","CV1 4JU","B2M3M",24.921354299605,4
"U58188","NORTHENDEN & BROOKLANDS (WYTHENSHAWE) PCN","M20 1EB","14L",32.932305833446,2
"U58215","SOUTH UTTLESFORD PCN","CM24 8XG","07H",9.64021632615328,10
"U58256","WELL STREET COMMON PCN","N1 5HZ","A3A8R",36.3422459217074,1
"U58312","ENFIELD UNITY PCN","EN1 3LL","93C",26.1763187562814,3
"U58435","FIRST COASTAL PCN","LN12 1DP","71E",44.6663721306791,1
"U58525","SASSE NETWORK 2 PCN","GU22 7RR","92A",11.8113325071545,9
"U58538","BARNET 3 PCN","N12 8LY","93C",14.2511914258619,8
"U58600","WATLING STREET NETWORK PCN","MK11 1YA","M1J4Y",12.0791375478841,9
"U58673","ROYAL PARKS PCN","NN2 7JN","78H",22.9605913365549,5
"U58704","IMP PCN","LN2 4WJ","71E",21.6441277454968,5
"U58708","WOOSEHILL AND CROWTHORNE PCN","RG41 3DR","15A",4.78005838837517,10
"U58840","JURASSIC COAST PCN","DT8 3EQ","11J",17.6712374820439,6
"U58973","STORT VALLEY & VILLAGES PCN","EN10 6FD","06K",7.38269399671553,10
"U59216","UNITY (NOTTINGHAM) PCN","NG1 6LD","52R",19.5717568522548,6
"U59367","THE GRAND UNION PCN","WD18 7QR","06N",12.7881328019173,8
"U59570","GRANGE AND LAKES PCN","LA11 6PH","01K",12.4519464798296,9
"U59591","OASIS PCN","LU1 2SE","M1J4Y",25.8047775390125,4
"U59622","MID CHILTERN PCN","HP14 4LG","14Y",5.39071578561276,10
"U59961","LOWESTOFT PCN","NR33 8LG","26A",30.4403735262188,2
"U59980","WESTERN DALES PCN","LA2 7JP","01K",13.4596071779744,8
"U60057","SHREWSBURY PCN","SY3 7JS","M2L0M",15.6681774879362,7
"U60094","SOUTH SOUTHWARK PCN","SE15 3LY","72Q",24.9872163973355,4
"U60098","WOLVERHAMPTON NORTH NETWORK PCN","WV11 1HT","D2P2L",35.7410394087746,1
"U60113","THREE HARBOURS AND BOSVENA PCN","PL23 1DT","11N",23.3542422806678,4
"U60176","3 CENTRES PCN","WF13 1HN","X2C4Y",28.633109687565,3
"U60337","CENTRAL 1 ISLINGTON PCN","N7 8EG","93C",26.240408477345,3
"U60450","HEALTH ALLIANCE PCN","HA3 5LE","W2U3Z",16.4882155191705,7
"U60509","DERBY CITY NORTH PCN","DE23 8JX","15M",33.5086868575419,2
"U60510","SALFORD SOUTH EAST PCN","M6 5FX","01G",38.3518433744163,1
"U60524","CROXTED PCN","SE24 9AE","72Q",24.2289490169182,4
"U60622","SOUTH SOMERSET WEST PCN","BA22 8HR","11X",15.3417189441415,7
"U60843","OAKDALE PARK PCN","DE21 6LA","15M",18.6257665421026,6
"U60845","WALSALL SOUTH 2 PCN","WS1 1UG","D2P2L",34.4069243528284,2
"U60865","TOWER HAMLETS NETWORK 7 PCN","E14 0EY","A3A8R",32.371746380122,2
"U60916","CITY - OX3+ PCN","OX3 9JA","10Q",13.5204158666307,8
"U60978","GLOSSOP PCN","SK13 8PS","15M",17.6070171149144,7
"U61151","MEDWAY RAINHAM PCN","ME8 9RR","91Q",14.7593217098743,8
"U61321","BELPER PCN","DE56 1AY","15M",10.728049708239,9
"U61347","NORTH WILTS BORDER PCN","SN4 7AX","92G",11.1800019327333,9
"U61505","HOLT PARK PCN","LS16 6FR","15F",16.1068734287204,7
"U61868","WASHINGTON PCN","NE37 2PU","00P",27.2344859426732,3
"U61963","WANDLE PCN","SW18 4DD","36L",13.0836156670966,8
"U62043","COASTAL (KERNOW) PCN","TR3 6JD","11N",18.8306609992335,6
"U62122","EQUALITY PCN","LU3 1HA","M1J4Y",23.9816071503314,4
"U62148","SOUTH EAST TELFORD PCN","TF7 5EE","M2L0M",38.4587250310215,1
"U62213","RUGBY PCN","CV21 3QF","B2M3M",14.200647562334,8
"U62251","BANBURY ALLIANCE PCN","OX16 9DB","10Q",17.1045580492921,7
"U62360","SOUTH FULHAM PCN","SW6 4HS","W2U3Z",16.6144753259588,7
"U62384","HULL MODALITY PARTNERSHIP PCN","HU5 2NT","03F",30.3637973933232,2
"U62485","NORTH NORFOLK 3 PCN","NR6 6BF","26A",13.2941085170774,8
"U62501","NEW READING PCN","RG1 5BS","15A",19.3208162130587,6
"U62545","EAST KENNET PCN","SN8 4BY","92G",11.0574316676701,9
"U62614","K AND C SOUTH PCN","SW7 4QS","W2U3Z",20.6121177004613,5
"U62853","TOWNSHIPS 1 PCN","S20 5BQ","03N",22.8133313127574,5
"U62975","SOUTH WORCS DROITWITCH & OMBERSLEY PCN","WR9 8RD","18C",15.8584698813002,7
"U62999","WEST TWICKENHAM PCN","TW1 4EA","36L",10.2934137481481,10
"U63047","WEST ENFIELD COLLABORATIVE PCN","N21 2SA","93C",15.171103136155,7
"U63072","ST IVES PCN","PE27 5JD","06H",9.99667162245396,10
"U63129","BULWELL AND TOP VALLEY PCN","NG1 6LD","52R",40.0192417047028,1
"U63186","CAVERSHAM PCN","RG4 8RA","15A",9.01594928602071,10
"U63233","EASTLEIGH SOUTHERN PARISHES PCN","SO31 4NQ","D9Y0V",10.9514514433275,9
"U63258","DERBYSHIRE DALES PCN","DE4 3NL","15M",11.1857868387719,9
"U63386","THE SWAN NETWORK","MK18 1NU","14Y",10.3132157941263,10
"U63454","WYRE RURAL EXTENDED NEIGHBOURHOOD (WREN) PCN","PR3 1PB","02M",13.4778603053052,8
"U63540","BATLEY BIRSTALL PCN","WF12 9QU","X2C4Y",29.8697584025514,3
"U63565","TWNS PCN","GL20 5GJ","11M",16.1219622530764,7
"U63770","BATH INDEPENDENTS PCN","BA2 5RP","92G",9.85826091988229,10
"U63843","PIER HEALTH PCN","BS23 3HQ","15C",25.8632547999075,4
"U63844","BYTES PCN","TS17 0EE","16C",14.3662898372621,8
"U63948","WATERMEAD PCN","LE11 5DX","04V",18.2908323660984,6
"U64003","NEWPORT AND CENTRAL PCN","TF10 7EN","M2L0M",15.5995710385818,7
"U64053","ISLES OF SCILLY & SOUTH KERRIER PCN","TR12 7DQ","11N",19.2260768727316,6
"U64148","LICHFIELD PCN","WS7 0AQ","05Q",11.7296823586118,9
"U64165","TITAN PCN","LU4 0SY","M1J4Y",21.5264068051422,5
"U64175","CYGNET EAST RIDING PCN","DN14 6RU","02Y",17.0952135121903,7
"U64356","EAST MK PCN","MK13 8RN","M1J4Y",24.7016803175011,4
"U64426","BELGRAVE & SPINNEY HILL PCN","LE5 3HX","04C",27.5160291984773,3
"U64487","ROCHDALE NORTH PCN","OL12 6RX","01D",34.5382331998437,2
"U64531","TEMPLER CARE NETWORK PCN","TQ12 4HG","15N",17.647220073559,6
"U64597","STOCKPORT EAST AND SOUTH PCN","SK7 4QR","01W",15.56883971674,7
"U64639","NORTH LIVERPOOL PCN","L11 4UG","99A",54.7540517305943,1
"U64705","THE DEBEN HEALTH GROUP PCN","IP13 0SB","06L",12.4179519893191,9
"U64748","NORTH BOURNEMOUTH PCN","BH10 5EY","11J",24.2107206882978,4
"U64827","HOLDERNESS PRIMARY CARE HOME PCN","HU19 2PZ","02Y",21.9348527908579,5
"U64938","PEAK EDGE PCN","S8 7RL","03N",25.1202143817046,4
"U65039","SUTTON GROUP PRACTICE PCN","B32 1QX","15E",11.8138618862394,9
"U65044","BRADFORD SOUTH PCN","BD7 3JX","36J",41.2196845670669,1
"U65095","NEWARK PCN","NG8 6PY","52R",18.0166143493155,6
"U65132","WALSALL NORTH PCN","WS3 3JP","D2P2L",43.702009969863,1
"U65207","PHOENIX (BNSSG) PCN","BS7 8SA","15C",18.8251565629124,6
"U65316","BOLTON CENTRAL PCN","BL1 1LS","00T",42.4896339732115,1
"U65398","TILEHURST PCN","RG31 5PP","15A",14.4696297891204,8
"U65434","STOCKWELLBEING PCN","SW9 9DL","72Q",29.9398717213574,3
"U65471","WALTHAM FOREST INTEGRATED HEALTH PCN","E11 1BN","A3A8R",23.7909410165525,4
"U65562","HEREFORDSHIRE HEREFORD CITY HMG PCN","HR1 1BB","18C",18.2827752147983,6
"U65582","CHILDWALL & WAVERTREE PCN","L25 1RY","99A",23.3647676822633,4
"U65853","WITHINGTON & FALLOWFIELD PCN","M20 1EB","14L",31.1057722592368,2
"U65941","CAMBRIDGE CITY 4 PCN","CB1 8BA","06H",11.8217431662088,9
"U65968","SWB I3 PCN","B19 2JA","15E",46.126949467093,1
"U66005","SOUTH WORCS PERSHORE & UPTON PCN","WR9 8RD","18C",16.5533469062112,7
"U66012","YORK MEDICAL GROUP PCN","YO24 4HD","03Q",13.6840247448749,8
"U66020","RURAL ALLIANCE PCN","CH3 9RE","27D",10.3884912073221,9
"U66146","BRIERLEY HILL PCN","DY5 1RU","D2P2L",26.6606671393605,3
"U66218","SOUTH HAMBLETON & RYEDALE PCN","YO62 6AR","03Q",12.9617565633118,8
"U66269","KEYNSHAM PCN","BS31 1AF","92G",12.4286928651896,9
"U66344","COLCHESTER MEDICAL GROUP PCN","CO1 2QS","06T",21.8619180289402,5
"U66368","NORTH TRAFFORD PCN","M32 0DF","02A",27.2180244603699,3
"U66484","KINGSWINFORD & WORDSLEY PCN","DY6 9HS","D2P2L",14.8728731198054,8
"U66596","AFFINITY (BNSSG) PCN","BS9 3AA","15C",16.3935762573259,7
"U66620","WALLINGTON PCN","SM6 0HY","36L",14.4992036631394,8
"U66688","CARLISLE PCN","CA2 7AJ","01H",24.6860447290759,4
"U66785","TORRIDGE PCN","EX39 3AF","15N",22.0041208129397,5
"U66858","DEWSBURY & THORNHILL PCN","WF12 9QU","X2C4Y",34.6557234746537,2
"U66904","FENLAND PCN","PE15 9BF","06H",22.1061781545121,5
"U67032","SURREY HEATH PCN","GU15 3HD","D4U1Y",9.12568810148285,10
"U67045","CARE KENT PCN","CT8 8SN","91Q",20.3499745182966,5
"U67110","NORTH BEXLEY PCN","DA7 6HZ","72Q",22.6263969460284,5
"U67133","MAIDSTONE CENTRAL PCN","ME15 7LN","91Q",17.1526354754398,7
"U67149","ST HELENS CENTRAL PCN","WA10 1DW","01X",36.2845309930337,1
"U67183","NORTHERN PARISHES PCN","WN8 0EN","02G",9.975963120038,10
"U67243","YORK ROAD PCN","LS9 9EF","15F",43.8657796672714,1
"U67303","WORKINGTON PCN","CA14 2DL","01H",29.4388641557342,3
"U67304","WB PCN","KT14 6DH","92A",8.15227502304754,10
"U67475","DASHWOOD PCN","HP12 3PP","14Y",14.2714378724507,8
"U67590","RUTLAND HEALTH PCN","LE15 9EG","03W",9.11011831134818,10
"U67607","GPS HEALTHCARE PCN","B90 4DD","15E",12.0267332114778,9
"U67660","OLDHAM SOUTH PCN","M35 0AD","00Y",41.2863522370193,1
"U67865","NORTH EAST DERBYSHIRE PCN","S43 4PL","15M",17.1482161406312,7
"U68127","GRAYS PCN","RM17 5JY","07G",17.875968893727,6
"U68213","NORTH KERRIER EAST PCN","TR14 8SN","11N",29.7730680379747,3
"U68252","SOWE VALLEY PCN","CV2 5EP","B2M3M",29.6771756101658,3
"U68450","CALNE PCN","SN11 0HH","92G",14.5350877068976,8
"U68552","BEACON MEDICAL GROUP PCN","PL7 1AD","15N",11.676833847016,9
"U68649","WATERSIDE HEALTH NETWORK PCN","PL1 4JZ","15N",33.186216045624,2
"U68696","EARLEY + PCN","RG6 7HG","15A",5.20034803216527,10
"U68943","CHESTER SOUTH PCN","CH1 2NR","27D",22.1938310185185,5
"U68970","TUNBRIDGE WELLS PCN","TN4 8UW","91Q",10.6573196782931,9
"U69052","SWAN NETWORK WIGAN PCN","WN3 5HL","02H",21.2182029685882,5
"U69072","SOUTH STOKE WEST PCN","ST4 8EX","05W",23.21566212191,4
"U69252","PARKWOOD PCN","NN7 3BT","78H",7.79070586572438,10
"U69393","WALKDEN & LITTLE HULTON PCN","M28 0AY","01G",33.78314911707,2
"U69551","THE VALLEYS HEALTH & SOCIAL CARE PCN","HD9 3TR","X2C4Y",14.2417781644271,8
"U69575","VIADUCT CARE PCN","HD7 4QQ","X2C4Y",30.767631577945,2
"U69625","MOSELEY, BILLESLEY & YARDLEY WOOD PCN","B13 9HD","15E",33.7202236968153,2
"U69695","BURNLEY WEST PCN","BB12 8BP","01A",37.8398740198122,1
"U69720","COALFIELDS PCN","DH5 9EZ","00P",28.2730272219683,3
"U69841","BLACKBURN NORTH PCN","BB1 3HQ","00Q",33.9321492556305,2
"U69865","PATHFIELDS MEDICAL GROUP PCN","PL5 3BN","15N",28.4449615641043,3
"U69901","ST AUSTELL HEALTHCARE PCN","PL25 3EF","11N",24.0990433980187,4
"U70185","HEART OF BATH PCN","BA2 3HT","92G",11.9066163447358,9
"U70212","HARTLEPOOL PCN","TS18 1TW","16C",34.569724088973,2
"U70230","LEIGH PCN","WN7 2RB","02H",32.6860752418364,2
"U70326","WOLVERHAMPTON UNITY WEST PCN","WV3 8JN","D2P2L",21.4048141367323,5
"U70497","DERWENTSIDE PCN","DH8 0BW","84H",25.6007811954507,4
"U70624","NORTH GOSFORTH PCN","NE4 6SH","13T",16.6648645958814,7
"U70739","THAME PCN","OX33 1YJ","10Q",8.39237065315026,10
"U70886","NORTHERN ARC PCN","BS11 9SB","15C",33.0686269553649,2
"U71014","BRUNEL HEALTH GROUP PCN2","SN3 2RJ","92G",27.7448983491633,3
"U71089","HATFIELD PCN","AL9 7SN","06K",16.1956325898036,7
"U71206","BROCKLEBANK PCN","SW18 4DU","36L",15.5092010080645,7
"U71550","K2 HEALTHCARE SLEAFORD PCN","NG34 7HD","71E",14.6840627893216,8
"U71643","KNOWSLEY CENTRAL AND SOUTH PCN","L26 0TH","01J",39.8870173401152,1
"U71716","GRANTHAM AND RURAL PCN","NG34 7HD","71E",16.2445769988814,7
"U71739","NEWHAM CENTRAL 1 PCN","E13 0LN","A3A8R",29.355444794861,3
"U71777","CAMBRIDGE CITY PCN","CB5 8SP","06H",19.9054570564047,6
"U71839","BETTER HEALTH MCR PCN","M14 5NP","14L",39.9868628709774,1
"U71897","SOUTH BUCKS PCN","SL2 4AZ","14Y",12.2962844824333,9
"U71931","SOUTH BLABY & LUTTERWORTH PCN","LE8 4NS","03W",9.79154651529486,10
"U72114","PORTSMOUTH SOUTH COAST PCN","PO5 3ND","10R",21.705206295349,5
"U72129","AYLESBURY CENTRAL PCN","HP19 9EX","14Y",16.7651405883503,7
"U72156","WEST BASILDON PCN","SS16 5AD","99E",27.6550953810669,3
"U72231","SURBITON HEALTH CENTRE PCN","KT6 6BS","36L",10.7550212921685,9
"U72309","SHARD END AND KITTS GREEN PCN","B32 1QX","15E",44.8431217391304,1
"U72457","COLTE PARTNERSHIP (TMR) PCN","CO5 7HP","06T",13.2479042789664,8
"U72604","RICKMANSWORTH & CHORLEYWOOD PCN","WD3 7DJ","06N",7.37458798297872,10
"U72706","GREAT YARMOUTH & NORTHERN VILLAGES PCN","NR30 2HW","26A",39.0920389405204,1
"U72748","A31 GROUP PCN","GU34 2QX","D9Y0V",10.8017772781065,9
"U72812","ALFRETON RIPLEY CRICH & HEANOR PCN","DE75 7DX","15M",21.3417836543578,5
"U72848","DRAKE MEDICAL ALLIANCE PCN","PL1 5BZ","15N",24.5401311709433,4
"U72999","4 DONCASTER PCN","DN1 2EU","02X",25.0793993444414,4
"U73005","SALUTEM PCN","LE5 0PR","04C",25.177458060198,4
"U73009","CANTERBURY NORTH PCN","CT4 5BL","91Q",18.414829190682,6
"U73010","SWAN MEDICAL GROUP PCN","GU32 3AB","D9Y0V",10.8392206571332,9
"U73163","NORTH HAMMERSMITH & FULHAM PCN","W12 7FG","W2U3Z",28.4063710111426,3
"U73212","MID NORFOLK PCN","NR4 7GJ","26A",17.8398639713805,6
"U73227","SPINE PCN","SL2 5JE","D4U1Y",24.2495934132575,4
"U73296","TIVERTON PCN","EX16 6NJ","15N",19.6839097288676,6
"U73458","WANDSWORTH PCN","SW11 2PH","36L",18.4276296019954,6
"U73478","PRESTWICH PCN","BL9 5BT","00V",21.9621352974757,5
"U73923","WALSALL EAST 2 PCN","WS9 8AJ","D2P2L",17.4240700454107,7
"U73966","HALO PCN","AL3 5NP","06N",9.63889196254165,10
"U74074","SOUND PCN","PL5 4DU","15N",31.1320986287168,2
"U74229","FLEETWOOD PCN","FY7 6HP","02M",40.0103852742719,1
"U74266","LMN PCN","DA3 7QD","91Q",10.4643705511569,9
"U74544","BOSWORTH PCN","LE9 4LH","04V",13.8274032038173,8
"U74554","MMP CENTRAL AND NORTH PCN","B24 0SY","15E",36.5140154485351,1
"U74798","CROYDON GP SUPER NETWORK PCN","SE25 5NT","36L",25.5290973874614,4
"U74819","CARITAS MEDICAL PCN","MK40 4HR","M1J4Y",19.8020274260707,6
"U75018","DONCASTER SOUTH PCN","DN1 2DJ","02X",30.8547319143122,2
"U75079","NORTH & EAST (IW) PCN","PO33 1LP","D9Y0V",23.8288265694416,4
"U75268","BOSTON PCN","PE21 6JU","71E",22.6332870507595,5
"U75274","SHERBORNE AREA PCN","DT9 4DL","11J",15.0139673684211,7
"U75375","WANTAGE PCN","OX12 9BN","10Q",8.9929857173839,10
"U75382","ALLIANCE PCN","HP2 7RJ","06N",16.7828911645541,7
"U75449","OLDHAM EAST PCN","OL3 6AH","00Y",21.5082889422189,5
"U75549","SOUTH PETERBOROUGH PCN","PE7 3JL","06H",18.2833068600562,6
"U75847","BRACKNELL AND DISTRICT PCN","RG12 8FB","D4U1Y",10.1929573635521,10
"U76028","BIRTLEY AND CENTRAL GATESHEAD PCN","DH3 2QT","13T",30.9503178953826,2
"U76032","PENWITH PCN","TR17 0HW","11N",27.0604714341705,3
"U76122","STRATFORD PCN","E15 4BZ","A3A8R",28.7411539884393,3
"U76315","LS25/LS26 PCN","LS25 1HB","15F",15.6269255504366,7
"U76383","NORTH BRADFORD PCN","BD10 8RU","36J",24.6478243503634,4
"U76419","WASHWOOD HEATH PCN","B8 1RT","15E",48.6702846063848,1
"U76444","EXETER WEST PCN","EX4 1HJ","15N",15.0907258157093,7
"U76572","COCKERMOUTH & MARYPORT PCN","CA13 9HT","01H",20.8317035797393,5
"U76753","HASP PCN - HULL ASSOCIATION OF SIMILAR PRACTICES","HU3 5QE","03F",38.7635241435563,1
"U76772","CARILLON PCN","LE11 5DX","04V",17.5059464448292,7
"U76778","PENGE PCN","BR3 3QL","72Q",21.0237484156981,5
"U76801","WHITEFIELD DISTRICT & COMMUNITY PCN","BL9 5BT","00V",22.1492130412282,5
"U76908","GILLINGHAM SOUTH PCN","ME7 2BU","91Q",25.6778902781258,4
"U76977","HADWEN QUEDGELEY PCN","GL4 4BL","11M",16.4547682717283,7
"U77096","CHESTER LE STREET PCN","DH7 6JW","84H",22.1150824634303,5
"U77170","BRENT SOUTH KWH PCN","ME19 4UA","W2U3Z",27.19805670441,3
"U77200","NORTH BUCKS PCN","LU7 0NE","14Y",9.24826221819538,10
"U77203","NORTH WATFORD PCN","WD25 7NL","06N",12.8549978163555,8
"U77315","LEICESTER CENTRAL PCN","LE5 5AY","04C",31.6517491113308,2
"U77416","WALSALL EAST 1 PCN","WS8 7JB","D2P2L",24.3499173670734,4
"U77447","FIVE ELMS PCN","TN16 3TJ","72Q",12.052012457206,9
"U77584","DORKING PCN","RH3 7NJ","92A",11.2319801751753,9
"U77811","NORTH MERTON PCN","SW19 2BY","36L",18.5709204469334,6
"U78157","BRENT WEST KWH PCN","ME19 4UA","W2U3Z",23.1788158193575,4
"U78164","WESTBURY & WARMINSTER PCN","BA13 3FQ","92G",14.9200780459743,7
"U78207","CHESTERFIELD AND DRONFIELD PCN","S40 2AB","15M",22.0571736127739,5
"U78272","GRAFTON MEDICAL PARTNERS PCN","SW17 0RT","36L",19.2314718252898,6
"U78361","BRADFORD CITY 5 PCN","BD3 8QH","36J",48.4947797271687,1
"U78369","ALBAN HEALTHCARE PCN","AL3 5NF","06N",8.2572868735607,10
"U78443","HEYWOOD PCN","OL10 2BS","01D",34.9733808136005,2
"U78449","MORLEY PCN","LS27 9EN","15F",20.8933229974984,5
"U78462","BRUNEL HEALTH GROUP PCN1","SN6 7DN","92G",9.91071123337918,10
"U78466","MEDWAY CENTRAL PCN","ME4 4QR","91Q",32.7344210016887,2
"U78490","GORDANO VALLEY PCN","BS40 5EL","15C",8.96321025452576,10
"U78517","KENTISH TOWN SOUTH PCN","NW5 2BX","93C",26.3176288616609,3
"U78575","WANSTEAD AND WOODFORD PCN","IG4 5EY","A3A8R",12.5048767305483,9
"U78604","CHRISTCHURCH PCN","BH23 5ET","11J",12.6664409738452,8
"U78610","VALENS PCN","NE61 1BJ","00L",25.8813848542716,4
"U78687","DIDSBURY CHORLTON PARK & BURNAGE PCN","M20 1EB","14L",23.4791465941981,4
"U78694","WYRE FOREST HEALTH PARTNERSHIP PCN","DY12 2EF","18C",20.6582840704189,5
"U78708","CHAPELTOWN PCN","LS7 4LF","15F",29.3674313180623,3
"U79003","NECHELLS, SALTLEY & ALUM ROCK PCN","B31 3HB","15E",49.6058403600655,1
"U79015","WISBECH PCN","PE13 1JU","06H",32.1147271702145,2
"U79019","MINERVA HEALTH GROUP PCN","BA2 2QH","92G",14.59634042262,8
"U79049","EAGLE BRIDGE PCN","SK9 1HY","27D",26.7430234102324,3
"U79121","HEALTHIER WEST WIRRAL PCN","CH60 7SG","12F",14.5679304158545,8
"U79163","NORTH LINCOLNSHIRE WEST PCN","DN15 7PG","03K",24.7361951415021,4
"U79246","SELBY TOWN PCN","YO8 4QH","03Q",14.6482527903411,8
"U79310","THE MAST PCN","HD8 9JL","X2C4Y",10.572391820992,9
"U79313","SAPA 5 PCN","S5 7HD","03N",47.7324810573422,1
"U79381","QUINTON AND HARBORNE PCN","B32 1QX","15E",29.2840539501556,3
"U79397","MARMOT PCN","HU7 4DW","03F",41.0618076748617,1
"U79408","WIDNES PCN","WA8 6TN","01F",29.3719021886016,3
"U79433","BIRMINGHAM EAST CENTRAL PCN","B9 5PU","15E",46.4124402693223,1
"U79464","DAVENTRY PCN","NN11 4FE","78H",17.7770507395839,6
"U79533","MERCIAN PCN","ST4 8GB","05Q",20.7182241348948,5
"U79574","HONITON/OTTERY/SID VALLEY (HOSMS) PCN","EX10 9YA","15N",11.5292517763171,9
"U79587","SOUTH SOUTHALL PCN","UB2 4EY","W2U3Z",28.113390443805,3
"U79678","TURTON PCN","BL7 9RG","00T",20.3658948576363,5
"U79723","BRENTWOOD PCN","CM15 8AQ","99E",10.2216993723743,10
"U79764","RURAL ROTHER PCN","TN32 5DG","97R",18.5450133502264,6
"U79881","TRAFFORD WEST PCN","M31 4FL","02A",19.4235184727912,6
"U79932","HATTERS HEALTH PCN","LU1 1RW","M1J4Y",25.0960934567172,4
"U79938","BREIGHTMET & LITTLE LEVER PCN","BL2 6NT","00T",34.5082650391373,2
"U80019","ENFIELD CARE NETWORK PCN","N9 0TW","93C",30.9548177485815,2
"U80186","AINTREE PCN","L9 7AL","99A",36.513214394098,1
"U80251","LEATHERHEAD PCN","KT18 5AD","92A",7.82205486595335,10
"U80264","WOKINGHAM SOUTH PCN","RG7 1QY","15A",6.69191965030428,10
"U80335","STEVENAGE SOUTH PCN","SG2 9QZ","06K",17.9021307368421,6
"U80470","HAMBLETON NORTH PCN","TS9 5DY","42D",12.6315186492607,8
"U80502","FOLKESTONE HYTHE & RURAL PCN","CT21 6BD","91Q",18.1266960776235,6
"U80633","HILLSBOROUGH PCN","S6 4GQ","03N",20.0773953187783,6
"U80679","BRAINTREE PCN","CM7 9BY","06Q",16.6840964605074,7
"U80710","GREAT WEST ROAD PCN","TW4 7LR","W2U3Z",22.9810832700695,4
"U80758","POOLE CENTRAL PCN","BH16 6BG","11J",18.3054360053078,6
"U80779","EAST GRINSTEAD PCN","RH19 4EE","70F",7.39394910325799,10
"U81168","YEADON PCN","LS19 7JN","15F",12.0887452241195,9
"U81184","WEST CAMDEN PCN","NW6 1TP","93C",18.615887287263,6
"U81217","BRETTON PARK & HAMPTON PCN","PE7 8DR","06H",17.5612731992825,7
"U81307","SOUTH SOMERSET EAST - RPN PCN","BA7 7EE","11X",14.6984533472986,8
"U81324","ACTON PCN","W3 9RA","W2U3Z",22.7088345661101,5
"U81398","HITCHIN AND WHITWELL PCN","SG6 3JW","06K",10.4234492439266,9
"U81405","ROSSENDALE EAST PCN","BB4 5SL","01A",29.362541331784,3
"U81415","UPPER CALDER VALLEY PCN","HX1 4JG","02T",22.6358375474083,5
"U81483","WHITBY COAST & MOORS PCN","YO21 1SD","42D",23.4222208709153,4
"U81818","NEWCASTLE NORTH PCN","ST7 4AY","05G",20.1414684316563,5
"U81825","NORTH EASINGTON PCN","DH6 3NP","84H",30.7459786100551,2
"U81930","BRIDGWATER PCN","TA6 7AS","11X",23.7232362842818,4
"U81960","ST JOHN'S WOOD & MAIDA VALE PCN","NW8 9NH","W2U3Z",16.3523856445142,7
"U82047","ICKNIELD PCN","SG6 3JW","06K",14.753550120163,8
"U82077","BLACKPOOL NORTH PCN","FY2 0JG","00R",34.5798462709285,2
"U82095","HULL MEDICAS PCN","HU9 2LJ","03F",43.0084698458269,1
"U82305","GOSK PCN","B44 0UY","15E",42.8193305290641,1
"U82359","ROCHESTER PCN","ME1 2TH","91Q",22.8198690847458,5
"U82404","CENTRAL MAPLE PCN","HP20 1XB","14Y",14.8888926853308,8
"U82487","WINDSOR PCN","RG12 1YQ","D4U1Y",9.64580359370015,10
"U82499","RETFORD AND VILLAGES PCN","NG22 0HT","02Q",20.021214652568,6
"U82523","SOUTH HAMS PCN","TQ6 9RT","15N",15.1211402178018,7
"U82536","BRADFORD ON AVON & MELKSHAM PCN","BA15 1DQ","92G",13.4736225540357,8
"U82612","MACCLESFIELD PCN","SK11 6JL","27D",16.4016583399312,7
"U82712","CENTRAL NORTH LEEDS PCN","LS17 8AE","15F",18.3655322270716,6
"U82731","WYRE INTEGRATED NETWORK LTD PCN","FY5 5HH","02M",14.3837185117521,8
"U82789","LEAMINGTON NORTH PCN","CV32 5QB","B2M3M",13.4078929777778,8
"U83168","HARINGEY - WELBOURNE PCN","N15 4JR","93C",35.9512121485944,1
"U83279","HEALTHIER OXFORD CITY NETWORK PCN","OX2 7BS","10Q",11.5216503675505,9
"U83457","CENTRAL CAMDEN PCN","WC1N 1PD","93C",24.0140968735486,4
"U83494","STAFFORD SOUTH PCN","ST16 3EB","05V",14.7901688415713,8
"U83511","HILLTON PCN","MK45 2TG","M1J4Y",9.00898299808429,10
"U83524","GRANTA PCN","CB22 3HU","06H",8.18996581501729,10
"U83604","BICESTER PCN","OX26 6AT","10Q",12.118912697223,9
"U83990","SALE CENTRAL PCN","M33 7SS","02A",15.8632380143127,7
"U84081","CANTERBURY SOUTH PCN","CT4 5BL","91Q",14.4562865985259,8
"U84150","HAMPTON PCN","TW12 3AX","36L",10.2686777574011,10
"U84175","FROME PCN","BA11 2FH","11X",17.9036533845578,6
"U84198","SOUTH DARTMOOR AND TOTNES PCN","TQ11 0DE","15N",17.5691466992665,7
"U84263","STAFFORD TOWN PCN","ST16 3EB","05V",16.2640772300987,7
"U84277","AVON VALLEY PCN","SP6 1RS","D9Y0V",11.6434393441001,9
"U84294","BRIDGE VIEW PCN","BS3 1AS","15C",24.1924721098601,4
"U84379","NORTH HALIFAX PCN","HX2 8AL","02T",35.5822933234106,2
"U84454","CANVEY PCN","SS8 0JA","99F",25.0409772335948,4
"U84465","COLNE VALLEY PCN","CM7 4BQ","06Q",13.0890884712145,8
"U84490","WAKEFIELD NORTH PCN","WF10 2QP","03R",33.8925664331099,2
"U84529","REDDITCH & BROMSGROVE & DISTRICT PCN","B61 0AZ","18C",14.3389732277816,8
"U84537","UNITY MEDICAL GROUP PCN","BA2 4BY","92G",9.9140783846183,10
"U84543","SEACROFT PCN","LS8 3BZ","15F",42.6759363925488,1
"U84550","HEALTHY HORLEY PCN","RH1 1EB","92A",13.4022156711377,8
"U84655","BARNET 1D PCN","HA8 0AP","93C",20.9324519321079,5
"U84846","HEALTHSENSE PCN","HA2 0UE","W2U3Z",13.9177929101503,8
"U85008","HOLGATE PCN","TS5 6HA","16C",37.9761077801729,1
"U85067","BISHOP AUCKLAND PCN","DL14 6AB","84H",33.3873411841761,2
"U85198","ASHFIELD NORTH PCN","NG8 6PY","52R",29.6300781179868,3
"U85257","ESTON PCN","TS6 6TD","16C",38.4980841113545,1
"U85348","BEXHILL PCN","TN39 4SP","97R",19.9182992683777,6
"U85476","MODALITY (KEIGHLEY) PCN","BD21 1LA","36J",23.5985101481515,4
"U85493","PRINCEWAY PCN","WA6 6RX","27D",11.7148452572937,9
"U85644","TROWBRIDGE PCN","BA14 8LW","92G",17.0608783133967,7
"U85685","SOUTH STOKE CENTRAL PCN","ST3 2EJ","05W",32.733316757689,2
"U85744","PRIMARY CARE NORTH CROYDON PCN","CR7 7JN","36L",24.3134640575418,4
"U85748","CHEETHAM HILL & CRUMPSALL PCN","M8 0DA","14L",43.0302548095058,1
"U85953","PETERBOROUGH & EAST PCN","PE7 1EJ","06H",29.2895568488929,3
"U85954","H-BLACKLEY HARPURHEY & CHARLESTOWN PCN","M9 6BA","14L",50.2488797844667,1
"U85986","ONE ELLESMERE PORT PCN","CH65 6TG","27D",25.6504649550412,4
"U86169","NORTH TANDRIDGE PCN","RH1 1EB","92A",10.7534767984083,9
"U86258","SOUTH WEST PCN","MK4 4EN","M1J4Y",17.6222788866964,6
"U86433","BRACCAN PCN","RG42 3JP","D4U1Y",11.7695203348515,9
"U86579","SWIFT PCN","BS4 1WH","15C",39.1579441458164,1
"U86623","GRIPC PCN","GU27 2BJ","92A",10.7859167331363,9
"U86774","WATERSIDE PCN","SO45 5WX","D9Y0V",14.1820868021635,8
"U86881","WALSALL SOUTH 1 PCN","WS1 3EP","D2P2L",40.9358751274682,1
"U86948","WF NETWORK OF INDEPENDENT PRACTICES PCN","DY11 6SF","18C",23.3869114700129,4
"U86966","BARKING & DAGENHAM EAST PCN","RM9 5AS","A3A8R",34.2175817594154,2
"U87168","SOUTH ISLINGTON PCN","N7 8EG","93C",25.807950578094,4
"U87170","NEWCASTLE OUTER WEST PCN","NE15 9PA","13T",32.5207034314674,2
"U87177","ROTHER VALLEY SOUTH PCN","S25 2EZ","03L",22.812109057888,5
"U87199","TOWER HAMLETS NETWORK 5 PCN","E3 5JD","A3A8R",28.4789868558079,3
"U87221","EAST HANTS PCN","GU31 4JR","D9Y0V",11.4553827581309,9
"U87255","SHELTON & HANLEY PCN","ST1 4PB","05W",37.505045124159,1
"U87298","NORTHOLT PCN","UB1 2TJ","W2U3Z",29.1290304631644,3
"U87332","CITY CARE ALLIANCE PCN","LE4 7ZX","04C",35.1458937786048,2
"U87442","MID KENT PCN","TN24 9JZ","91Q",19.2993810703913,6
"U87478","LANCING AND SOMPTING PCN","BN15 9UX","70F",19.8444331654801,6
"U87499","G3 PCN","LE3 9ED","03W",16.9846271416819,7
"U87508","HODDESDON & BROXBOURNE PCN","EN11 9FF","06K",13.5197623233984,8
"U87524","ORPINGTON PCN","BR3 3QL","72Q",10.4795002935421,9
"U87666","APOLLO PCN","DN35 8EB","03H",30.0605835837089,3
"U87755","TORQUAY PCN","TQ1 3HD","15N",31.4718139787238,2
"U87769","AFFINITY CARE PCN","BD18 3EG","36J",29.6852917553281,3
"U87776","WALTHAM FOREST LEYTON COLLABORATIVE PCN","E10 7DY","A3A8R",28.2194976891334,3
"U87787","CARSHALTON PCN","SM5 1JL","36L",20.5010710299909,5
"U87882","LEA VALLEY HEALTH PCN","EN8 0BX","06K",20.8960989793052,5
"U87914","BRIXHAM AND PAIGNTON PCN","TQ4 5LA","15N",26.607749216592,3
"U87975","TORENTUM PCN","FY5 2TZ","00R",21.250493760449,5
"U87998","CHELMSFORD WEST PCN","CM1 4HW","06Q",14.859248692564,8
"U88126","NEW MALDEN & WORCESTER PARK PCN","KT3 6DR","36L",10.880965819135,9
"U88179","FABB (FISHPONDS, AIR BALLOON & BEECHWOOD) PCN","BS16 3TD","15C",25.2959974969364,4
"U88190","PERSHORE PCN","B31 3HB","15E",27.4696781461806,3
"U88254","CAM MEDICAL PCN","CB2 1RG","06H",11.2485566880508,9
"U88279","CHANDLER'S FORD PCN","SO53 2LH","D9Y0V",5.53255890323609,10
"U88280","RAVEN PCN","S60 4JW","03L",26.0404343425194,3
"U88348","DARWEN PCN","BB1 3HQ","00Q",30.8989549846221,2
"U88368","SEDGLEY, COSELEY & GORNAL PCN","DY3 3QY","D2P2L",25.0137028608119,4
"U88407","EPSOM PCN","KT18 5AD","92A",8.76186495857574,10
"U88414","CANNOCK VILLAGES PCN","WS6 6EW","04Y",18.2043963710412,6
"U88623","NORTHWICH PCN","SK9 1HY","27D",15.0408763529158,7
"U88743","PHOENIX HEALTH PCN","HP27 9AX","14Y",7.38448640287303,10
"U88820","CLOCKTOWER PCN","DA7 6HZ","72Q",13.1583304402099,8
"U88890","HULL SYMPHONIE PCN","HU5 3TJ","03F",39.6701481563574,1
"U89118","SOUTH TYNESIDE SOUTH PCN","NE33 4JP","00N",26.5796690623637,3
"U89131","EAST ELMBRIDGE PCN","KT8 0JX","92A",7.00643046670658,10
"U89134","CENTRAL THISTLEMOOR & THORPE PCN","PE1 3HP","06H",32.4749164353403,2
"U89141","STOCKTON PCN","TS18 1TW","16C",29.9689319090128,3
"U89143","SOUTH COASTAL MEDICAL GROUP PCN","BH1 4HA","11J",23.5710974510592,4
"U89154","SPRINGFIELD PARK PCN","N1 5HZ","A3A8R",29.9256144575256,3
"U89162","FOREST HEATH PCN","CB8 8NU","07K",16.7709616909391,7
"U89375","BRENT CENTRAL KWH PCN","ME19 4UA","W2U3Z",23.0029164194432,4
"U89419","MODALITY WOKINGHAM PCN","RG40 1XS","15A",6.10476186039845,10
"U89554","A1 NETWORK PCN","PE28 0JF","06H",10.3140423841959,10
"U89699","YORKSHIRE COAST & WOLDS PCN","YO25 6UH","02Y",15.4418376100957,7
"U89762","THE HEALTH TRIANGLE PCN","RG12 1LH","D4U1Y",12.5945828969053,9
"U89776","THE BRIDGE PCN","OL11 1DN","01D",48.2948046075671,1
"U89806","SPHERE PCN","HA3 9BP","W2U3Z",15.1095051014355,7
"U90050","SASSE NETWORK 3 PCN","TW19 7HE","92A",17.2010850203354,7
"U90174","FARNBOROUGH PCN","GU11 1AY","D4U1Y",14.0042602929991,8
"U90175","WOKING WISE 3 PCN","GU22 7RR","92A",11.3756289756682,9
"U90236","CITY - EAST OXFORD PCN","OX4 1XB","10Q",17.8657485599203,6
"U90309","NORTH BEDFORD PCN","MK40 2TX","M1J4Y",18.6553134563811,6
"U90349","SHERWOOD PCN","NG8 6PY","52R",21.357483152789,5
"U90453","RICHMOND PCN","TW9 2RG","36L",10.7173777096257,9
"U90656","SWADLINCOTE PCN","DE11 0HU","15M",18.8578061873638,6
"U90673","KETTS OAK PCN","NR4 7GJ","26A",12.1292158640227,9
"U90861","HAYLING ISLAND & EMSWORTH PCN","PO11 9AP","D9Y0V",14.3591457679267,8
"U90977","MENDIP VALE PCN","BS40 5EL","15C",11.3641673814137,9
"U91110","NORTH SHIELDS PCN","NE29 0SF","99C",27.9599696809075,3
"U91215","NORTH NORFOLK 2 PCN","NR6 6BF","26A",21.9085574569104,5
"U91254","GATESHEAD CENTRAL SOUTH PCN","NE8 2XB","13T",32.2578106111787,2
"U91268","SOUTH WEST BIRMINGHAM PCN","B38 8AX","15E",39.1094840276678,1
"U91286","LEA VALE PCN","LU1 1HH","M1J4Y",28.9827268063416,3
"U91385","SOUTHAMPTON NORTH PCN","SO17 1BJ","D9Y0V",21.4304221770551,5
"U91471","INCLUSIVE HEALTH PCN","W10 4RE","W2U3Z",31.7080773075077,2
"U91476","GPA1 PCN","S2 1SL","03N",45.8336176248542,1
"U91762","STRATFORD CENTRAL PCN","CV32 5QB","B2M3M",11.8754566986415,9
"U91790","HEART OF HARROGATE PCN","HG2 8AY","42D",10.0535408366341,10
"U91844","MARGATE PCN","CT9 3NR","91Q",38.8473048216762,1
"U91913","NORTH DARTMOOR PCN","EX20 1AY","15N",18.5552453862624,6
"U91930","LONG LANE FIRST CARE GROUP PCN","UB8 1HE","W2U3Z",22.2787688898439,5
"U91937","MOORLANDS & RURAL PCN","ST10 1EY","05G",14.5665356015621,8
"U91979","BILLERICAY PCN","CM12 0AH","99E",8.80203573764931,10
"U92096","WEALD PCN","TN17 3AY","91Q",14.1098425443578,8
"U92100","ATHENA PCN","ME17 4PL","91Q",13.4401944707198,8
"U92125","CONCORD MENDIP PCN","BS34 5TF","15C",16.6508708524907,7
"U92128","NORTH KERRIER WEST PCN","TR15 3DU","11N",30.0223050020648,3
"U92151","CHEAM AND SOUTH SUTTON PCN","SM1 4EB","36L",10.0001472951702,10
"U92223","CARLISLE HEALTHCARE PCN","CA1 1AE","01H",22.5003781091834,5
"U92384","THE CHALFONTS PCN","SL9 9RR","14Y",5.40384409120103,10
"U92558","WICKFORD PCN","SS12 0AA","99E",13.8224471489804,8
"U92562","NUNEATON & BEDWORTH PCN","CV11 5HX","B2M3M",23.9309483204786,4
"U92581","ARMLEY PCN","LS12 1HU","15F",43.1540924333743,1
"U92600","SOVEREIGN PCN","PO15 6JF","D9Y0V",9.16565670369414,10
"U92720","WALTHAM FOREST 8 PCN","E4 7HS","A3A8R",24.377266567372,4
"U92836","CROYDON LINK PCN","CR0 6SD","36L",25.7560674868776,4
"U92874","BARKING & DAGENHAM NORTH WEST PCN","RM8 3XU","A3A8R",33.7334565598882,2
"U92975","PRESTON NORTH & EAST PCN","PR1 6YA","01E",25.9070374519679,4
"U93045","WALTHAM FOREST WALTHAMSTOW CENTRAL PCN","E17 7JT","A3A8R",26.7673804074932,3
"U93148","CHIPPENHAM, CORSHAM & BOX PCN","SN14 6GT","92G",12.3472701523247,9
"U93165","NORTH SOLIHULL PCN","B36 0HH","15E",37.5830277482904,1
"U93499","UNITY (GREENWICH) PCN","SE18 1BH","72Q",26.1551973788435,3
"U93573","THE BRIDGE MK PCN","MK16 8QT","M1J4Y",10.929614986149,9
"U93726","SOUTH LINCOLN PCN","LN4 3EZ","71E",11.643434566851,9
"U93827","NETWORK NORTH PCN","S35 9XQ","03N",26.7881095948526,3
"U93843","PANACEA PCN","DN31 3AE","03H",32.6060858120736,2
"U93998","ABOUT BETTER CARE (ABC) PCN","ST5 7JS","05G",32.4068549022505,2
"U94009","ST HELENS SOUTH PCN","L35 4LP","01X",33.311028400711,2
"U94037","ST HELENS NORTH PCN","WN4 0XD","01X",19.2798547646001,6
"U94184","EAST WAVERLEY PCN","GU27 2BJ","92A",8.14821704120481,10
"U94342","RADFORD AND MARY POTTER PCN","NG1 6LD","52R",36.9031591260392,1
"U94373","WYTHENSHAWE PCN","M22 9UH","14L",48.797186440678,1
"U94460","BILLINGHAM & NORTON PCN","TS18 1TW","16C",25.3877372783123,4
"U94664","MIDDLETON AND HUNSLET PCN","LS10 3NB","15F",44.1376711762725,1
"U94681","NORTH NORFOLK 1 PCN","NR6 6BF","26A",19.6745693800184,6
"U94747","NEWHAM NORTH WEST 2 PCN","E15 1EN","A3A8R",28.0973670284081,3
"U94996","HAILSHAM PCN","BN27 1BH","97R",19.001550478947,6
"U95154","THE EALING NETWORK PCN","W13 9NZ","W2U3Z",18.3704852367596,6
"U95193","NORTH TYNESIDE NORTH WEST PCN","NE12 9BQ","99C",19.6830144561139,6
"U95344","ALTRINCHAM HEALTHCARE ALLIANCE PCN","WA14 5PF","02A",8.23912502914803,10
"U95499","FOSSEWAY PCN","LE9 4LH","04V",11.0666691305492,9
"U95574","HUNTINGDON PCN","PE29 3RL","06H",15.7592268623772,7
"U95654","NORTH OXFORDSHIRE RURAL ALLIANCE (NORA) PCN","OX7 5FA","10Q",10.632442539723,9
"U95672","WINCHESTER CITY PCN","SO22 6EL","D9Y0V",9.90652798516335,10
"U95792","NORTH EAST IPSWICH PCN","IP4 5PB","06L",16.3173424196491,7
"U95892","GENESIS PCN","DN33 3JF","03H",20.5980854957316,5
"U96077","TASC PCN","EX13 5AG","15N",14.2572550072731,8
"U96099","HENLEY SONNET PCN","RG4 9SW","10Q",7.38773478348788,10
"U96127","NORTH WIGAN PCN","WN6 7PD","02H",15.8826019239475,7
"U96198","REDDITCH & BROMSGROVE KINGFISHER PCN","B98 9AA","18C",23.4281253173013,4
"U96202","WEAR VALLEY PCN","DL14 6AB","84H",28.918080848643,3
"U96282","LSMP AND THE LIGHT PCN","LS2 9AE","15F",23.0041200867854,4
"U96386","HORSHAM COLLABORATIVE PCN","RH12 1AT","70F",9.67924827308491,10
"U96434","EAST TWICKENHAM PCN","TW1 4QP","36L",10.1032974421069,10
"U96568","NORTHAMPTONSHIRE RURAL PCN","NN11 6XN","78H",10.1666450501927,10
"U96599","HARINGEY - NORTH EAST PCN","N22 6RX","93C",38.5496269815345,1
"U96653","HYNDBURN CENTRAL PCN","BB5 1RT","01A",39.9494401855738,1
"U96870","CENTRAL & WEST WARRINGTON PCN","WA4 6QA","02E",22.7831675318803,5
"U97051","HERTS FIVE PCN","WD6 4PR","06N",14.2784793116129,8
"U97101","NORTH LINCOLNSHIRE NORTH PCN","DN18 5ER","03K",17.8461907802476,6
"U97340","SOUTHAMPTON BITTERNE PCN","SO18 6TG","D9Y0V",28.0810877552789,3
"U97645","BLACKPOOL CENTRAL PCN","FY3 8NX","00R",48.2390436540159,1
"U97650","PRIME WANDSWORTH PCN","SW15 2TL","36L",16.1045178795665,7
"U97651","THE ARC HUB PCN","NN4 8QF","78H",18.6113619851704,6
"U97695","SOUTH WORCESTERSHIRE MALVERN TOWN PCN","WR9 8RD","18C",17.0188405244702,7
"U97785","RIVER & WOLDS EAST RIDING PCN","HU15 2JG","02Y",8.31523802285098,10
"U97801","CHORLEY ROADS NETWORK PCN","BL1 1LS","00T",29.3279699250375,3
"U98004","FELTHAM & BEDFONNT PCN","TW14 9EF","W2U3Z",23.3864607684813,4
"U98116","CAMROSE, GILLIES & HACKWOOD PARTNERSHIP PCN","RG22 4EH","D9Y0V",15.1682948071364,7
"U98152","CHOC (CONGLETON & HOLMES CHAPEL) PCN","SK11 6JL","27D",13.1872063210909,8
"U98167","FOSS (FIRECLAY & OLD SCHOOL SURGERY) PCN","BS16 2JD","15C",21.9523617584104,5
"U98291","SWB TOGETHER4HEALTHCARE PCN","B70 7AW","D2P2L",38.5281204456489,1
"U98318","MOWBRAY SQUARE PCN","HG2 8AY","42D",10.8873277024815,9
"U98408","WEST CENTRAL MANCHESTER PCN","M16 9RT","14L",28.778583921919,3
"U98432","CREWE - GHR PCN","CW1 3HB","27D",18.201287593815,6
"U98513","FIVE LANE ENDS PCN","BD2 3AA","36J",38.1285071661332,1
"U98530","STANFORD-LE-HOPE PCN","SS17 0PH","07G",15.1959514077418,7
"U98548","READING WEST PCN","RG30 6BW","15A",19.8506340234236,6
"U98580","HAYES WICK PCN","BR3 3QL","72Q",8.12716603185596,10
"U98623","BRAMLEY, WORTLEY & MIDDLETON PCN","LS12 5SG","15F",37.4820656324205,1
"U98785","BURY ST EDMONDS PCN","IP33 1AE","07K",13.8956977146329,8
"U98974","SOUTH & WEST HEREFORDSHIRE PCN","HR1 2HE","18C",18.4265634761132,6
"U98994","SCARBOROUGH CORE PCN","YO12 7LB","42D",33.8814209095208,2
"U99055","WENTWORTH 1 PCN","S65 3HD","03L",37.9195748599034,1
"U99194","BIRKENHEAD PCN","CH42 0LQ","12F",40.2787640436652,1
"U99355","STREATHAM PCN","SW16 2PG","72Q",22.6725475820344,5
"U99438","HASTINGS & ST LEONARDS PCN","TN37 7AT","97R",34.1579277265317,2
"U99463","NOTTINGHAM WEST PCN","NG8 6PY","52R",15.6345097927611,7
"U99474","READING CENTRAL PCN","RG1 5PG","15A",19.6722143660313,6
"U99739","CHELMSFORD CITY HEALTH PCN","CM2 0DB","06Q",13.1344276036661,8
"U99971","TAME VALLEY PCN","SK5 6RN","01W",35.7471836719697,1
